"newID","Machi","Grade","QID","ResponseFlipped"
1,0,NA,1,1
1,0,NA,2,1
1,0,NA,3,0
1,0,NA,4,0
1,0,NA,5,0
1,0,NA,6,0
1,0,NA,7,0
1,0,NA,8,0
1,0,NA,9,1
1,0,NA,10,0
1,0,NA,11,1
1,0,NA,12,0
1,0,NA,13,0
1,0,NA,14,0
1,0,NA,15,0
2,0,NA,1,0
2,0,NA,2,1
2,0,NA,3,0
2,0,NA,4,1
2,0,NA,5,0
2,0,NA,6,0
2,0,NA,7,1
2,0,NA,8,0
2,0,NA,9,0
2,0,NA,10,0
2,0,NA,11,1
2,0,NA,12,1
2,0,NA,14,0
2,0,NA,15,0
3,0,NA,1,1
3,0,NA,2,1
3,0,NA,3,0
3,0,NA,4,1
3,0,NA,5,0
3,0,NA,6,0
3,0,NA,7,0
3,0,NA,8,1
3,0,NA,9,0
3,0,NA,10,0
3,0,NA,11,1
3,0,NA,12,0
3,0,NA,13,0
3,0,NA,14,0
3,0,NA,15,0
4,0,NA,1,0
4,0,NA,2,1
4,0,NA,3,0
4,0,NA,4,0
4,0,NA,5,0
4,0,NA,6,0
4,0,NA,7,1
4,0,NA,8,0
4,0,NA,9,0
4,0,NA,10,0
4,0,NA,11,1
4,0,NA,12,0
4,0,NA,13,0
4,0,NA,14,0
4,0,NA,15,0
5,0,NA,1,1
5,0,NA,2,1
5,0,NA,3,0
5,0,NA,4,1
5,0,NA,5,0
5,0,NA,6,0
5,0,NA,7,1
5,0,NA,8,0
5,0,NA,9,1
5,0,NA,10,0
5,0,NA,11,0
5,0,NA,12,1
5,0,NA,13,0
5,0,NA,14,0
5,0,NA,15,0
6,0,NA,1,1
6,0,NA,2,1
6,0,NA,3,0
6,0,NA,4,1
6,0,NA,5,0
6,0,NA,6,0
6,0,NA,8,0
6,0,NA,9,0
6,0,NA,10,0
6,0,NA,11,1
6,0,NA,12,0
6,0,NA,13,0
6,0,NA,14,0
6,0,NA,15,0
7,0,NA,1,0
7,0,NA,2,1
7,0,NA,3,0
7,0,NA,4,1
7,0,NA,5,0
7,0,NA,6,0
7,0,NA,7,0
7,0,NA,8,0
7,0,NA,9,1
7,0,NA,11,1
7,0,NA,12,0
7,0,NA,13,0
7,0,NA,14,0
7,0,NA,15,0
8,0,NA,1,1
8,0,NA,2,1
8,0,NA,3,0
8,0,NA,4,1
8,0,NA,5,0
8,0,NA,6,1
8,0,NA,7,0
8,0,NA,8,0
8,0,NA,9,1
8,0,NA,10,0
8,0,NA,11,0
8,0,NA,12,0
8,0,NA,13,0
8,0,NA,14,0
8,0,NA,15,0
9,0,NA,1,0
9,0,NA,2,0
9,0,NA,3,0
9,0,NA,5,1
9,0,NA,6,0
9,0,NA,7,1
9,0,NA,8,1
9,0,NA,9,0
9,0,NA,10,0
9,0,NA,11,1
9,0,NA,12,0
9,0,NA,13,0
9,0,NA,14,0
9,0,NA,15,0
10,0,NA,1,0
10,0,NA,2,0
10,0,NA,3,0
10,0,NA,5,1
10,0,NA,6,1
10,0,NA,7,0
10,0,NA,8,0
10,0,NA,9,0
10,0,NA,10,0
10,0,NA,11,1
10,0,NA,14,0
10,0,NA,15,0
11,0,NA,1,1
11,0,NA,2,1
11,0,NA,3,1
11,0,NA,4,1
11,0,NA,5,0
11,0,NA,6,1
11,0,NA,7,1
11,0,NA,8,0
11,0,NA,9,0
11,0,NA,11,1
11,0,NA,12,0
11,0,NA,14,0
11,0,NA,15,0
12,0,NA,1,1
12,0,NA,3,0
12,0,NA,4,0
12,0,NA,5,1
12,0,NA,6,1
12,0,NA,7,0
12,0,NA,8,0
12,0,NA,9,1
12,0,NA,10,0
12,0,NA,11,1
12,0,NA,12,1
12,0,NA,13,0
12,0,NA,14,0
12,0,NA,15,0
13,0,NA,1,1
13,0,NA,2,1
13,0,NA,3,1
13,0,NA,4,0
13,0,NA,5,0
13,0,NA,6,0
13,0,NA,7,1
13,0,NA,8,0
13,0,NA,9,1
13,0,NA,10,0
13,0,NA,11,1
13,0,NA,12,0
13,0,NA,13,0
13,0,NA,14,0
13,0,NA,15,0
14,0,NA,1,0
14,0,NA,2,1
14,0,NA,3,0
14,0,NA,4,0
14,0,NA,5,0
14,0,NA,6,0
14,0,NA,7,1
14,0,NA,8,1
14,0,NA,11,1
14,0,NA,12,1
14,0,NA,13,0
14,0,NA,14,0
14,0,NA,15,0
15,0,NA,1,1
15,0,NA,2,1
15,0,NA,3,0
15,0,NA,4,0
15,0,NA,5,0
15,0,NA,6,1
15,0,NA,7,0
15,0,NA,8,0
15,0,NA,9,0
15,0,NA,10,1
15,0,NA,11,1
15,0,NA,12,0
15,0,NA,13,0
15,0,NA,14,0
15,0,NA,15,0
16,0,NA,1,0
16,0,NA,2,1
16,0,NA,3,0
16,0,NA,5,0
16,0,NA,6,0
16,0,NA,7,0
16,0,NA,8,0
16,0,NA,9,0
16,0,NA,10,0
16,0,NA,13,0
16,0,NA,14,0
16,0,NA,15,0
17,0,NA,1,1
17,0,NA,2,0
17,0,NA,3,0
17,0,NA,4,0
17,0,NA,5,0
17,0,NA,6,0
17,0,NA,7,0
17,0,NA,8,0
17,0,NA,9,0
17,0,NA,10,0
17,0,NA,11,1
17,0,NA,12,1
17,0,NA,13,0
17,0,NA,14,0
17,0,NA,15,0
18,0,NA,1,0
18,0,NA,2,0
18,0,NA,3,1
18,0,NA,4,1
18,0,NA,5,0
18,0,NA,6,0
18,0,NA,7,0
18,0,NA,8,0
18,0,NA,11,1
18,0,NA,12,1
18,0,NA,14,0
18,0,NA,15,0
19,0,NA,1,1
19,0,NA,2,1
19,0,NA,3,0
19,0,NA,4,0
19,0,NA,5,0
19,0,NA,6,1
19,0,NA,7,1
19,0,NA,8,1
19,0,NA,9,1
19,0,NA,10,0
19,0,NA,11,0
19,0,NA,12,1
19,0,NA,14,0
19,0,NA,15,0
20,0,NA,1,0
20,0,NA,2,1
20,0,NA,3,0
20,0,NA,4,1
20,0,NA,5,1
20,0,NA,6,0
20,0,NA,7,0
20,0,NA,8,1
20,0,NA,9,1
20,0,NA,10,0
20,0,NA,11,1
20,0,NA,12,1
20,0,NA,14,0
20,0,NA,15,0
21,0,NA,1,0
21,0,NA,2,0
21,0,NA,3,0
21,0,NA,4,0
21,0,NA,5,0
21,0,NA,6,0
21,0,NA,7,0
21,0,NA,8,1
21,0,NA,9,0
21,0,NA,10,1
21,0,NA,11,1
21,0,NA,12,0
21,0,NA,13,0
21,0,NA,14,0
21,0,NA,15,0
22,0,NA,1,1
22,0,NA,2,0
22,0,NA,3,0
22,0,NA,5,0
22,0,NA,6,0
22,0,NA,7,1
22,0,NA,8,1
22,0,NA,9,0
22,0,NA,10,0
22,0,NA,11,0
22,0,NA,12,0
22,0,NA,13,0
22,0,NA,14,0
22,0,NA,15,0
23,0,NA,1,0
23,0,NA,3,0
23,0,NA,5,0
23,0,NA,6,0
23,0,NA,7,1
23,0,NA,8,1
23,0,NA,11,1
23,0,NA,12,0
23,0,NA,14,0
23,0,NA,15,0
24,0,NA,1,1
24,0,NA,2,0
24,0,NA,3,0
24,0,NA,4,0
24,0,NA,5,0
24,0,NA,6,0
24,0,NA,7,1
24,0,NA,8,1
24,0,NA,11,0
24,0,NA,12,0
24,0,NA,14,1
24,0,NA,15,0
25,0,NA,1,0
25,0,NA,3,0
25,0,NA,5,1
25,0,NA,6,0
25,0,NA,7,0
25,0,NA,8,0
25,0,NA,9,0
25,0,NA,10,0
25,0,NA,11,1
25,0,NA,12,0
25,0,NA,13,0
25,0,NA,14,0
25,0,NA,15,0
26,0,NA,1,1
26,0,NA,2,1
26,0,NA,3,1
26,0,NA,4,0
26,0,NA,5,0
26,0,NA,6,0
26,0,NA,7,0
26,0,NA,8,1
26,0,NA,9,0
26,0,NA,10,0
26,0,NA,11,1
26,0,NA,12,0
26,0,NA,13,0
26,0,NA,14,0
26,0,NA,15,0
27,0,NA,1,1
27,0,NA,2,1
27,0,NA,3,0
27,0,NA,4,1
27,0,NA,5,1
27,0,NA,6,0
27,0,NA,7,1
27,0,NA,8,0
27,0,NA,9,0
27,0,NA,10,0
27,0,NA,12,1
27,0,NA,13,0
27,0,NA,14,0
27,0,NA,15,0
28,0,NA,1,0
28,0,NA,2,1
28,0,NA,3,0
28,0,NA,4,0
28,0,NA,5,0
28,0,NA,6,0
28,0,NA,7,1
28,0,NA,8,0
28,0,NA,11,1
28,0,NA,12,0
28,0,NA,13,0
28,0,NA,14,0
28,0,NA,15,0
29,0,NA,1,1
29,0,NA,2,0
29,0,NA,3,0
29,0,NA,4,0
29,0,NA,5,0
29,0,NA,6,1
29,0,NA,7,0
29,0,NA,8,0
29,0,NA,9,0
29,0,NA,10,0
29,0,NA,11,1
29,0,NA,12,1
29,0,NA,13,0
29,0,NA,14,0
29,0,NA,15,0
30,0,NA,1,1
30,0,NA,2,0
30,0,NA,3,1
30,0,NA,4,0
30,0,NA,5,0
30,0,NA,6,0
30,0,NA,7,0
30,0,NA,8,0
30,0,NA,9,0
30,0,NA,10,0
30,0,NA,11,0
30,0,NA,12,0
30,0,NA,13,0
30,0,NA,14,0
30,0,NA,15,0
31,0,NA,2,1
31,0,NA,3,0
31,0,NA,4,1
31,0,NA,6,0
31,0,NA,7,0
31,0,NA,8,0
31,0,NA,9,1
31,0,NA,10,0
31,0,NA,11,1
31,0,NA,12,0
31,0,NA,13,0
31,0,NA,14,0
31,0,NA,15,0
32,0,NA,1,0
32,0,NA,2,1
32,0,NA,3,1
32,0,NA,4,0
32,0,NA,5,0
32,0,NA,6,0
32,0,NA,7,0
32,0,NA,8,1
32,0,NA,11,1
32,0,NA,12,0
32,0,NA,13,0
32,0,NA,14,0
32,0,NA,15,0
33,0,NA,1,1
33,0,NA,2,1
33,0,NA,3,0
33,0,NA,4,1
33,0,NA,5,0
33,0,NA,6,0
33,0,NA,7,0
33,0,NA,8,0
33,0,NA,9,1
33,0,NA,10,0
33,0,NA,11,0
33,0,NA,12,0
33,0,NA,13,0
33,0,NA,14,0
33,0,NA,15,0
34,0,NA,1,1
34,0,NA,2,1
34,0,NA,3,1
34,0,NA,5,0
34,0,NA,6,0
34,0,NA,7,0
34,0,NA,8,0
34,0,NA,9,0
34,0,NA,10,0
34,0,NA,11,0
34,0,NA,12,0
34,0,NA,13,0
34,0,NA,14,0
34,0,NA,15,0
35,0,NA,1,0
35,0,NA,2,0
35,0,NA,3,0
35,0,NA,4,0
35,0,NA,5,0
35,0,NA,6,0
35,0,NA,7,0
35,0,NA,8,0
35,0,NA,9,0
35,0,NA,10,0
35,0,NA,11,0
35,0,NA,12,0
35,0,NA,13,0
35,0,NA,14,0
35,0,NA,15,0
36,0,NA,1,1
36,0,NA,2,0
36,0,NA,5,0
36,0,NA,6,0
36,0,NA,7,0
36,0,NA,8,1
36,0,NA,11,1
36,0,NA,12,1
36,0,NA,13,0
36,0,NA,14,0
36,0,NA,15,0
37,0,NA,1,0
37,0,NA,2,1
37,0,NA,3,0
37,0,NA,4,0
37,0,NA,5,1
37,0,NA,6,0
37,0,NA,7,0
37,0,NA,8,0
37,0,NA,11,1
37,0,NA,12,1
37,0,NA,15,0
38,0,NA,1,1
38,0,NA,3,0
38,0,NA,4,0
38,0,NA,5,0
38,0,NA,6,0
38,0,NA,8,1
38,0,NA,11,0
38,0,NA,12,1
38,0,NA,14,0
38,0,NA,15,0
39,0,NA,1,1
39,0,NA,2,1
39,0,NA,3,0
39,0,NA,4,0
39,0,NA,5,1
39,0,NA,6,1
39,0,NA,7,0
39,0,NA,8,1
39,0,NA,9,0
39,0,NA,10,1
39,0,NA,11,1
39,0,NA,12,1
39,0,NA,13,0
39,0,NA,14,1
39,0,NA,15,0
40,0,NA,2,0
40,0,NA,3,0
40,0,NA,4,0
40,0,NA,5,0
40,0,NA,6,0
40,0,NA,7,0
40,0,NA,8,0
40,0,NA,9,0
40,0,NA,10,0
40,0,NA,11,0
40,0,NA,12,1
40,0,NA,13,0
40,0,NA,14,0
40,0,NA,15,0
41,0,NA,1,0
41,0,NA,2,1
41,0,NA,3,0
41,0,NA,4,1
41,0,NA,5,1
41,0,NA,6,0
41,0,NA,7,1
41,0,NA,8,0
41,0,NA,9,0
41,0,NA,11,1
41,0,NA,12,1
41,0,NA,14,1
41,0,NA,15,0
42,0,NA,1,1
42,0,NA,2,1
42,0,NA,3,0
42,0,NA,4,1
42,0,NA,5,0
42,0,NA,6,1
42,0,NA,7,0
42,0,NA,8,0
42,0,NA,9,0
42,0,NA,11,1
42,0,NA,12,0
42,0,NA,14,0
42,0,NA,15,0
43,0,NA,1,0
43,0,NA,2,1
43,0,NA,3,1
43,0,NA,4,0
43,0,NA,5,1
43,0,NA,6,0
43,0,NA,7,0
43,0,NA,8,1
43,0,NA,9,0
43,0,NA,11,1
43,0,NA,12,0
43,0,NA,14,0
43,0,NA,15,0
44,0,NA,1,0
44,0,NA,2,1
44,0,NA,3,0
44,0,NA,4,1
44,0,NA,5,0
44,0,NA,6,0
44,0,NA,7,1
44,0,NA,8,0
44,0,NA,11,1
44,0,NA,12,0
44,0,NA,14,0
44,0,NA,15,0
45,0,NA,1,0
45,0,NA,2,1
45,0,NA,3,0
45,0,NA,4,0
45,0,NA,5,0
45,0,NA,6,0
45,0,NA,7,0
45,0,NA,8,0
45,0,NA,9,0
45,0,NA,11,0
45,0,NA,12,1
45,0,NA,14,0
45,0,NA,15,0
46,0,NA,1,0
46,0,NA,2,1
46,0,NA,3,0
46,0,NA,4,1
46,0,NA,5,0
46,0,NA,6,0
46,0,NA,7,0
46,0,NA,8,0
46,0,NA,11,1
46,0,NA,12,1
46,0,NA,14,0
46,0,NA,15,0
47,0,NA,1,1
47,0,NA,2,1
47,0,NA,3,0
47,0,NA,4,0
47,0,NA,5,0
47,0,NA,6,0
47,0,NA,7,0
47,0,NA,8,0
47,0,NA,9,0
47,0,NA,11,1
47,0,NA,12,1
47,0,NA,14,0
47,0,NA,15,0
48,0,NA,1,1
48,0,NA,2,1
48,0,NA,3,0
48,0,NA,4,1
48,0,NA,5,0
48,0,NA,6,1
48,0,NA,7,0
48,0,NA,8,1
48,0,NA,9,0
48,0,NA,11,0
48,0,NA,12,0
48,0,NA,14,0
48,0,NA,15,0
49,0,NA,1,1
49,0,NA,2,0
49,0,NA,3,0
49,0,NA,4,0
49,0,NA,5,0
49,0,NA,8,1
49,0,NA,9,1
49,0,NA,14,0
50,0,NA,1,1
50,0,NA,2,0
50,0,NA,3,0
50,0,NA,4,0
50,0,NA,5,0
50,0,NA,6,0
50,0,NA,7,0
50,0,NA,8,0
50,0,NA,9,0
50,0,NA,11,1
50,0,NA,12,1
50,0,NA,14,0
50,0,NA,15,0
51,0,NA,1,1
51,0,NA,2,0
51,0,NA,3,1
51,0,NA,4,0
51,0,NA,5,0
51,0,NA,6,0
51,0,NA,7,0
51,0,NA,8,1
51,0,NA,9,0
51,0,NA,11,1
51,0,NA,12,0
51,0,NA,14,0
51,0,NA,15,0
52,0,NA,1,1
52,0,NA,2,1
52,0,NA,3,0
52,0,NA,4,0
52,0,NA,5,0
52,0,NA,6,0
52,0,NA,7,0
52,0,NA,8,0
52,0,NA,9,0
52,0,NA,11,1
52,0,NA,12,1
52,0,NA,14,0
52,0,NA,15,0
53,0,NA,1,0
53,0,NA,2,1
53,0,NA,3,0
53,0,NA,4,0
53,0,NA,5,0
53,0,NA,6,0
53,0,NA,7,1
53,0,NA,8,0
53,0,NA,11,1
53,0,NA,12,1
53,0,NA,14,0
53,0,NA,15,0
54,0,NA,1,0
54,0,NA,2,0
54,0,NA,3,0
54,0,NA,4,0
54,0,NA,5,0
54,0,NA,6,0
54,0,NA,7,0
54,0,NA,8,1
54,0,NA,9,1
54,0,NA,11,1
54,0,NA,12,0
54,0,NA,14,0
54,0,NA,15,0
55,0,NA,1,1
55,0,NA,2,0
55,0,NA,3,0
55,0,NA,4,1
55,0,NA,5,0
55,0,NA,6,1
55,0,NA,7,0
55,0,NA,8,0
55,0,NA,11,0
55,0,NA,12,1
55,0,NA,14,0
55,0,NA,15,0
56,0,NA,1,0
56,0,NA,2,0
56,0,NA,3,1
56,0,NA,4,0
56,0,NA,5,0
56,0,NA,6,0
56,0,NA,7,1
56,0,NA,8,0
56,0,NA,11,1
56,0,NA,12,1
56,0,NA,14,0
56,0,NA,15,0
57,0,NA,1,0
57,0,NA,2,0
57,0,NA,3,0
57,0,NA,4,0
57,0,NA,5,1
57,0,NA,6,0
57,0,NA,7,0
57,0,NA,8,0
57,0,NA,9,1
57,0,NA,11,0
57,0,NA,12,1
57,0,NA,14,0
57,0,NA,15,0
58,0,NA,1,1
58,0,NA,2,0
58,0,NA,3,0
58,0,NA,4,0
58,0,NA,5,0
58,0,NA,6,0
58,0,NA,7,1
58,0,NA,8,0
58,0,NA,9,0
58,0,NA,11,0
58,0,NA,12,0
58,0,NA,14,0
58,0,NA,15,0
59,0,NA,1,1
59,0,NA,2,1
59,0,NA,3,0
59,0,NA,4,1
59,0,NA,5,0
59,0,NA,6,0
59,0,NA,7,1
59,0,NA,8,0
59,0,NA,11,1
59,0,NA,12,1
59,0,NA,14,0
59,0,NA,15,0
60,0,NA,1,0
60,0,NA,2,0
60,0,NA,3,1
60,0,NA,4,0
60,0,NA,5,0
60,0,NA,6,0
60,0,NA,7,1
60,0,NA,8,0
60,0,NA,11,1
60,0,NA,14,0
60,0,NA,15,0
61,0,NA,1,0
61,0,NA,2,0
61,0,NA,3,1
61,0,NA,4,0
61,0,NA,5,0
61,0,NA,6,0
61,0,NA,7,0
61,0,NA,8,0
61,0,NA,9,1
61,0,NA,11,0
61,0,NA,12,1
61,0,NA,14,0
61,0,NA,15,0
62,0,NA,1,1
62,0,NA,2,0
62,0,NA,4,1
62,0,NA,5,0
62,0,NA,6,0
62,0,NA,7,0
62,0,NA,8,0
62,0,NA,9,0
62,0,NA,11,1
62,0,NA,12,1
62,0,NA,14,0
62,0,NA,15,0
63,0,NA,1,0
63,0,NA,2,1
63,0,NA,3,1
63,0,NA,4,1
63,0,NA,5,0
63,0,NA,6,0
63,0,NA,7,0
63,0,NA,8,0
63,0,NA,9,1
63,0,NA,11,1
63,0,NA,12,0
63,0,NA,14,0
63,0,NA,15,0
64,0,NA,1,0
64,0,NA,2,1
64,0,NA,3,0
64,0,NA,4,1
64,0,NA,5,0
64,0,NA,6,1
64,0,NA,7,0
64,0,NA,8,0
64,0,NA,9,1
64,0,NA,11,1
64,0,NA,12,1
64,0,NA,14,0
64,0,NA,15,0
65,0,NA,1,0
65,0,NA,2,1
65,0,NA,3,0
65,0,NA,4,0
65,0,NA,5,0
65,0,NA,6,0
65,0,NA,7,1
65,0,NA,8,1
65,0,NA,9,0
65,0,NA,11,1
65,0,NA,12,0
65,0,NA,14,0
65,0,NA,15,0
66,0,NA,1,1
66,0,NA,2,1
66,0,NA,3,0
66,0,NA,4,0
66,0,NA,5,0
66,0,NA,6,0
66,0,NA,7,1
66,0,NA,8,0
66,0,NA,9,0
66,0,NA,11,0
66,0,NA,12,0
66,0,NA,14,0
66,0,NA,15,0
67,0,NA,1,1
67,0,NA,2,0
67,0,NA,3,0
67,0,NA,4,1
67,0,NA,5,1
67,0,NA,6,0
67,0,NA,7,0
67,0,NA,8,0
67,0,NA,9,0
67,0,NA,11,1
67,0,NA,12,0
67,0,NA,14,0
67,0,NA,15,0
68,0,NA,1,1
68,0,NA,2,0
68,0,NA,3,0
68,0,NA,4,0
68,0,NA,5,0
68,0,NA,6,0
68,0,NA,7,0
68,0,NA,8,1
68,0,NA,9,0
68,0,NA,11,0
68,0,NA,12,1
68,0,NA,14,0
68,0,NA,15,0
69,0,NA,1,0
69,0,NA,2,0
69,0,NA,3,0
69,0,NA,4,1
69,0,NA,5,0
69,0,NA,6,0
69,0,NA,7,0
69,0,NA,8,0
69,0,NA,9,0
69,0,NA,11,0
69,0,NA,12,0
69,0,NA,14,0
69,0,NA,15,0
70,0,NA,1,1
70,0,NA,2,0
70,0,NA,3,0
70,0,NA,4,1
70,0,NA,5,0
70,0,NA,6,1
70,0,NA,7,1
70,0,NA,8,1
70,0,NA,14,0
71,0,NA,1,1
71,0,NA,2,0
71,0,NA,3,0
71,0,NA,4,0
71,0,NA,5,0
71,0,NA,6,0
71,0,NA,7,0
71,0,NA,8,1
71,0,NA,11,1
71,0,NA,12,0
71,0,NA,14,0
71,0,NA,15,0
72,0,NA,1,0
72,0,NA,2,1
72,0,NA,3,0
72,0,NA,4,0
72,0,NA,5,0
72,0,NA,6,0
72,0,NA,7,0
72,0,NA,8,1
72,0,NA,9,0
72,0,NA,11,1
72,0,NA,12,0
72,0,NA,14,0
72,0,NA,15,0
73,0,NA,1,0
73,0,NA,2,1
73,0,NA,3,0
73,0,NA,4,1
73,0,NA,5,0
73,0,NA,6,0
73,0,NA,7,0
73,0,NA,8,0
73,0,NA,9,0
73,0,NA,11,1
73,0,NA,12,0
73,0,NA,14,0
73,0,NA,15,0
74,0,NA,1,1
74,0,NA,2,1
74,0,NA,3,0
74,0,NA,4,0
74,0,NA,5,0
74,0,NA,6,0
74,0,NA,7,1
74,0,NA,8,0
74,0,NA,11,1
74,0,NA,12,0
74,0,NA,14,0
74,0,NA,15,0
75,0,NA,1,0
75,0,NA,2,1
75,0,NA,3,1
75,0,NA,4,0
75,0,NA,5,0
75,0,NA,6,0
75,0,NA,7,0
75,0,NA,8,0
75,0,NA,9,0
75,0,NA,11,1
75,0,NA,12,1
75,0,NA,14,0
75,0,NA,15,0
76,0,NA,1,0
76,0,NA,2,0
76,0,NA,4,0
76,0,NA,5,0
76,0,NA,6,1
76,0,NA,7,1
76,0,NA,8,1
76,0,NA,11,1
76,0,NA,12,1
76,0,NA,14,0
76,0,NA,15,0
77,0,NA,1,1
77,0,NA,2,1
77,0,NA,3,1
77,0,NA,4,0
77,0,NA,5,0
77,0,NA,6,1
77,0,NA,7,0
77,0,NA,8,0
77,0,NA,9,1
77,0,NA,11,1
77,0,NA,12,0
77,0,NA,14,0
77,0,NA,15,0
78,0,NA,1,0
78,0,NA,2,1
78,0,NA,3,0
78,0,NA,4,0
78,0,NA,5,0
78,0,NA,6,0
78,0,NA,7,1
78,0,NA,8,0
78,0,NA,11,1
78,0,NA,12,1
78,0,NA,14,0
78,0,NA,15,0
79,0,NA,1,1
79,0,NA,2,1
79,0,NA,3,0
79,0,NA,4,1
79,0,NA,5,0
79,0,NA,6,0
79,0,NA,7,1
79,0,NA,8,0
79,0,NA,9,0
79,0,NA,11,1
79,0,NA,12,0
79,0,NA,14,0
79,0,NA,15,0
80,0,NA,1,0
80,0,NA,2,0
80,0,NA,3,0
80,0,NA,4,0
80,0,NA,5,0
80,0,NA,6,0
80,0,NA,7,0
80,0,NA,8,0
80,0,NA,11,1
80,0,NA,12,1
80,0,NA,14,0
80,0,NA,15,0
81,0,NA,1,0
81,0,NA,2,1
81,0,NA,3,0
81,0,NA,4,0
81,0,NA,5,0
81,0,NA,6,1
81,0,NA,7,0
81,0,NA,8,0
81,0,NA,9,0
81,0,NA,11,1
81,0,NA,12,1
81,0,NA,14,0
81,0,NA,15,0
82,0,NA,1,1
82,0,NA,2,1
82,0,NA,3,0
82,0,NA,4,0
82,0,NA,5,0
82,0,NA,6,1
82,0,NA,7,1
82,0,NA,8,1
82,0,NA,9,1
82,0,NA,12,0
82,0,NA,14,0
82,0,NA,15,0
83,1,NA,1,1
83,1,NA,2,1
83,1,NA,3,0
83,1,NA,4,0
83,1,NA,5,0
83,1,NA,6,1
83,1,NA,7,0
83,1,NA,8,1
83,1,NA,9,1
83,1,NA,10,0
83,1,NA,11,1
83,1,NA,12,0
83,1,NA,13,0
83,1,NA,14,0
83,1,NA,15,0
84,1,NA,1,0
84,1,NA,2,1
84,1,NA,3,0
84,1,NA,4,0
84,1,NA,5,0
84,1,NA,6,0
84,1,NA,7,0
84,1,NA,8,0
84,1,NA,9,1
84,1,NA,10,0
84,1,NA,11,1
84,1,NA,12,0
84,1,NA,13,0
84,1,NA,14,0
84,1,NA,15,0
85,1,NA,1,1
85,1,NA,2,1
85,1,NA,3,0
85,1,NA,4,0
85,1,NA,5,0
85,1,NA,6,0
85,1,NA,7,1
85,1,NA,8,0
85,1,NA,9,0
85,1,NA,11,1
85,1,NA,12,1
85,1,NA,14,0
85,1,NA,15,0
86,1,NA,1,0
86,1,NA,2,1
86,1,NA,3,1
86,1,NA,4,0
86,1,NA,5,0
86,1,NA,6,0
86,1,NA,7,0
86,1,NA,8,1
86,1,NA,9,0
86,1,NA,11,1
86,1,NA,12,1
86,1,NA,14,0
86,1,NA,15,0
87,1,NA,1,0
87,1,NA,3,0
87,1,NA,4,1
87,1,NA,5,0
87,1,NA,6,1
87,1,NA,7,1
87,1,NA,8,1
87,1,NA,11,1
87,1,NA,12,1
87,1,NA,14,0
87,1,NA,15,0
88,1,NA,1,1
88,1,NA,2,1
88,1,NA,3,1
88,1,NA,4,0
88,1,NA,5,0
88,1,NA,6,0
88,1,NA,7,1
88,1,NA,8,0
88,1,NA,9,1
88,1,NA,11,1
88,1,NA,12,1
88,1,NA,14,0
88,1,NA,15,0
89,1,NA,1,1
89,1,NA,2,1
89,1,NA,3,0
89,1,NA,4,1
89,1,NA,5,1
89,1,NA,6,1
89,1,NA,7,1
89,1,NA,8,1
89,1,NA,10,1
89,1,NA,11,1
89,1,NA,12,1
89,1,NA,13,1
89,1,NA,14,0
89,1,NA,15,1
90,1,NA,1,1
90,1,NA,2,1
90,1,NA,3,1
90,1,NA,4,0
90,1,NA,5,1
90,1,NA,6,1
90,1,NA,7,1
90,1,NA,8,1
90,1,NA,10,0
90,1,NA,11,1
90,1,NA,12,1
90,1,NA,13,1
90,1,NA,14,1
90,1,NA,15,0
91,1,NA,1,1
91,1,NA,2,1
91,1,NA,3,1
91,1,NA,4,1
91,1,NA,5,1
91,1,NA,6,0
91,1,NA,7,0
91,1,NA,8,1
91,1,NA,9,1
91,1,NA,10,0
91,1,NA,11,1
91,1,NA,12,1
91,1,NA,13,1
91,1,NA,14,0
91,1,NA,15,0
92,1,NA,1,1
92,1,NA,2,1
92,1,NA,3,0
92,1,NA,4,1
92,1,NA,5,1
92,1,NA,6,1
92,1,NA,7,0
92,1,NA,8,1
92,1,NA,9,1
92,1,NA,10,1
92,1,NA,11,1
92,1,NA,12,0
92,1,NA,13,0
92,1,NA,15,0
93,1,NA,1,1
93,1,NA,2,1
93,1,NA,3,0
93,1,NA,4,1
93,1,NA,5,1
93,1,NA,6,1
93,1,NA,7,0
93,1,NA,9,0
93,1,NA,10,1
93,1,NA,11,1
93,1,NA,12,1
93,1,NA,13,1
93,1,NA,14,0
93,1,NA,15,1
94,1,NA,1,0
94,1,NA,2,1
94,1,NA,3,1
94,1,NA,5,1
94,1,NA,6,1
94,1,NA,7,0
94,1,NA,8,1
94,1,NA,9,0
94,1,NA,10,0
94,1,NA,11,1
94,1,NA,13,1
94,1,NA,14,0
94,1,NA,15,1
95,1,NA,2,1
95,1,NA,3,1
95,1,NA,4,0
95,1,NA,5,1
95,1,NA,6,1
95,1,NA,7,0
95,1,NA,8,1
95,1,NA,10,1
95,1,NA,11,1
95,1,NA,12,0
95,1,NA,13,1
95,1,NA,14,0
95,1,NA,15,0
96,1,NA,1,1
96,1,NA,2,1
96,1,NA,3,1
96,1,NA,4,0
96,1,NA,5,0
96,1,NA,6,1
96,1,NA,7,1
96,1,NA,8,1
96,1,NA,9,1
96,1,NA,10,0
96,1,NA,11,1
96,1,NA,12,0
96,1,NA,13,0
96,1,NA,14,0
96,1,NA,15,0
97,1,NA,1,0
97,1,NA,2,1
97,1,NA,3,1
97,1,NA,4,0
97,1,NA,5,0
97,1,NA,6,0
97,1,NA,7,1
97,1,NA,8,0
97,1,NA,9,0
97,1,NA,10,0
97,1,NA,12,0
97,1,NA,14,0
97,1,NA,15,0
98,1,NA,1,0
98,1,NA,2,1
98,1,NA,3,0
98,1,NA,4,0
98,1,NA,5,0
98,1,NA,6,0
98,1,NA,7,1
98,1,NA,8,0
98,1,NA,11,1
98,1,NA,12,1
98,1,NA,13,0
98,1,NA,14,0
98,1,NA,15,0
99,1,NA,1,1
99,1,NA,2,1
99,1,NA,3,0
99,1,NA,4,1
99,1,NA,5,1
99,1,NA,6,1
99,1,NA,7,0
99,1,NA,8,0
99,1,NA,9,1
99,1,NA,10,1
99,1,NA,11,1
99,1,NA,12,0
99,1,NA,13,1
99,1,NA,14,0
99,1,NA,15,0
100,1,NA,1,0
100,1,NA,2,1
100,1,NA,3,1
100,1,NA,4,1
100,1,NA,5,0
100,1,NA,6,1
100,1,NA,7,1
100,1,NA,8,1
100,1,NA,9,1
100,1,NA,11,1
100,1,NA,12,1
100,1,NA,13,0
100,1,NA,14,0
100,1,NA,15,0
101,1,NA,1,1
101,1,NA,2,1
101,1,NA,3,1
101,1,NA,4,1
101,1,NA,5,1
101,1,NA,6,0
101,1,NA,7,1
101,1,NA,8,1
101,1,NA,9,1
101,1,NA,10,0
101,1,NA,11,1
101,1,NA,12,1
101,1,NA,13,1
101,1,NA,14,0
101,1,NA,15,1
102,1,NA,1,0
102,1,NA,2,1
102,1,NA,3,0
102,1,NA,4,0
102,1,NA,5,0
102,1,NA,6,0
102,1,NA,7,1
102,1,NA,8,0
102,1,NA,10,0
102,1,NA,11,1
102,1,NA,12,0
102,1,NA,13,0
103,1,NA,1,1
103,1,NA,2,1
103,1,NA,3,0
103,1,NA,4,1
103,1,NA,5,1
103,1,NA,6,1
103,1,NA,7,0
103,1,NA,8,1
103,1,NA,9,1
103,1,NA,10,0
103,1,NA,11,1
103,1,NA,13,1
103,1,NA,14,0
103,1,NA,15,1
104,1,NA,1,0
104,1,NA,2,1
104,1,NA,4,1
104,1,NA,5,1
104,1,NA,6,1
104,1,NA,7,1
104,1,NA,8,1
104,1,NA,10,1
104,1,NA,11,0
104,1,NA,12,0
104,1,NA,13,1
104,1,NA,14,0
104,1,NA,15,0
105,1,NA,2,1
105,1,NA,3,0
105,1,NA,4,1
105,1,NA,5,1
105,1,NA,6,1
105,1,NA,7,0
105,1,NA,8,1
105,1,NA,9,0
105,1,NA,10,0
105,1,NA,11,1
105,1,NA,12,1
105,1,NA,13,1
105,1,NA,14,0
105,1,NA,15,0
106,1,NA,1,1
106,1,NA,2,1
106,1,NA,3,0
106,1,NA,4,0
106,1,NA,5,0
106,1,NA,6,0
106,1,NA,7,1
106,1,NA,8,1
106,1,NA,9,1
106,1,NA,11,1
106,1,NA,13,1
107,1,NA,1,1
107,1,NA,2,1
107,1,NA,3,0
107,1,NA,4,0
107,1,NA,5,1
107,1,NA,6,1
107,1,NA,7,1
107,1,NA,8,1
107,1,NA,9,1
107,1,NA,10,0
107,1,NA,11,1
107,1,NA,12,0
107,1,NA,13,1
107,1,NA,14,0
107,1,NA,15,0
108,1,NA,1,1
108,1,NA,2,1
108,1,NA,3,0
108,1,NA,4,1
108,1,NA,5,1
108,1,NA,6,1
108,1,NA,7,1
108,1,NA,8,1
108,1,NA,9,1
108,1,NA,10,1
108,1,NA,11,1
108,1,NA,12,1
108,1,NA,13,1
108,1,NA,14,0
108,1,NA,15,0
109,1,NA,1,1
109,1,NA,2,1
109,1,NA,3,0
109,1,NA,4,1
109,1,NA,5,1
109,1,NA,6,1
109,1,NA,7,1
109,1,NA,8,0
109,1,NA,9,0
109,1,NA,10,1
109,1,NA,11,1
109,1,NA,12,0
109,1,NA,13,1
109,1,NA,14,0
109,1,NA,15,0
110,1,NA,1,1
110,1,NA,2,1
110,1,NA,3,0
110,1,NA,4,1
110,1,NA,5,1
110,1,NA,6,0
110,1,NA,7,1
110,1,NA,8,1
110,1,NA,9,0
110,1,NA,10,1
110,1,NA,11,1
110,1,NA,12,0
110,1,NA,13,1
110,1,NA,15,1
111,1,NA,1,1
111,1,NA,2,1
111,1,NA,3,1
111,1,NA,4,1
111,1,NA,5,1
111,1,NA,6,1
111,1,NA,7,0
111,1,NA,8,1
111,1,NA,9,1
111,1,NA,10,0
111,1,NA,11,1
111,1,NA,12,1
111,1,NA,13,1
111,1,NA,14,1
111,1,NA,15,0
112,1,NA,1,1
112,1,NA,2,1
112,1,NA,3,1
112,1,NA,4,1
112,1,NA,5,1
112,1,NA,6,0
112,1,NA,7,1
112,1,NA,8,1
112,1,NA,9,0
112,1,NA,10,1
112,1,NA,11,1
112,1,NA,12,1
112,1,NA,13,1
112,1,NA,14,0
113,1,NA,1,1
113,1,NA,2,1
113,1,NA,3,1
113,1,NA,4,0
113,1,NA,5,0
113,1,NA,6,0
113,1,NA,7,1
113,1,NA,8,1
113,1,NA,9,1
113,1,NA,10,0
113,1,NA,11,0
113,1,NA,12,1
113,1,NA,13,1
114,1,NA,1,0
114,1,NA,2,1
114,1,NA,3,1
114,1,NA,4,1
114,1,NA,5,0
114,1,NA,6,1
114,1,NA,7,1
114,1,NA,9,0
114,1,NA,10,1
114,1,NA,11,1
114,1,NA,13,0
114,1,NA,14,0
114,1,NA,15,0
115,1,NA,1,1
115,1,NA,2,0
115,1,NA,3,0
115,1,NA,4,0
115,1,NA,5,0
115,1,NA,6,1
115,1,NA,7,0
115,1,NA,8,0
115,1,NA,9,0
115,1,NA,10,0
115,1,NA,11,1
115,1,NA,12,0
115,1,NA,13,0
116,1,NA,1,0
116,1,NA,2,1
116,1,NA,3,0
116,1,NA,5,0
116,1,NA,6,1
116,1,NA,7,1
116,1,NA,8,0
116,1,NA,9,1
116,1,NA,11,1
116,1,NA,12,0
116,1,NA,14,0
116,1,NA,15,0
117,1,NA,1,1
117,1,NA,2,1
117,1,NA,3,0
117,1,NA,4,1
117,1,NA,5,0
117,1,NA,6,1
117,1,NA,7,1
117,1,NA,8,1
117,1,NA,9,0
117,1,NA,10,1
117,1,NA,11,1
117,1,NA,12,1
117,1,NA,13,0
117,1,NA,14,1
117,1,NA,15,1
118,1,NA,1,1
118,1,NA,2,1
118,1,NA,3,0
118,1,NA,4,1
118,1,NA,5,0
118,1,NA,6,1
118,1,NA,7,0
118,1,NA,8,1
118,1,NA,9,0
118,1,NA,10,1
118,1,NA,11,1
118,1,NA,12,0
118,1,NA,14,0
118,1,NA,15,0
119,1,NA,1,0
119,1,NA,2,1
119,1,NA,3,0
119,1,NA,4,1
119,1,NA,5,1
119,1,NA,6,1
119,1,NA,7,1
119,1,NA,8,1
119,1,NA,9,1
119,1,NA,10,1
119,1,NA,11,1
119,1,NA,12,1
119,1,NA,13,1
119,1,NA,14,0
119,1,NA,15,0
120,1,NA,1,0
120,1,NA,2,0
120,1,NA,3,1
120,1,NA,4,1
120,1,NA,5,0
120,1,NA,6,1
120,1,NA,7,1
120,1,NA,8,1
120,1,NA,11,1
120,1,NA,12,0
120,1,NA,13,1
120,1,NA,14,0
120,1,NA,15,0
121,1,NA,1,1
121,1,NA,2,1
121,1,NA,3,1
121,1,NA,4,1
121,1,NA,5,1
121,1,NA,6,1
121,1,NA,7,0
121,1,NA,8,1
121,1,NA,9,0
121,1,NA,11,1
121,1,NA,12,0
121,1,NA,13,0
122,1,NA,2,1
122,1,NA,3,1
122,1,NA,4,1
122,1,NA,5,1
122,1,NA,6,1
122,1,NA,7,0
122,1,NA,8,1
122,1,NA,9,1
122,1,NA,10,1
122,1,NA,11,1
122,1,NA,12,1
122,1,NA,13,0
123,1,NA,1,1
123,1,NA,2,1
123,1,NA,3,1
123,1,NA,4,1
123,1,NA,5,1
123,1,NA,6,1
123,1,NA,7,0
123,1,NA,8,1
123,1,NA,11,1
123,1,NA,13,1
123,1,NA,14,0
123,1,NA,15,1
124,1,NA,1,1
124,1,NA,2,1
124,1,NA,3,1
124,1,NA,4,1
124,1,NA,5,1
124,1,NA,6,1
124,1,NA,7,0
124,1,NA,8,1
124,1,NA,9,1
124,1,NA,10,0
124,1,NA,11,1
124,1,NA,12,1
124,1,NA,13,1
124,1,NA,14,0
124,1,NA,15,1
125,1,NA,1,1
125,1,NA,2,1
125,1,NA,3,0
125,1,NA,4,1
125,1,NA,5,1
125,1,NA,6,1
125,1,NA,7,1
125,1,NA,8,0
125,1,NA,9,0
125,1,NA,10,1
125,1,NA,11,1
125,1,NA,12,1
125,1,NA,13,1
125,1,NA,14,0
125,1,NA,15,0
126,1,NA,1,1
126,1,NA,3,1
126,1,NA,4,0
126,1,NA,5,0
126,1,NA,6,1
126,1,NA,7,1
126,1,NA,8,1
126,1,NA,9,1
126,1,NA,10,1
126,1,NA,11,1
126,1,NA,13,1
127,1,NA,1,0
127,1,NA,2,1
127,1,NA,3,1
127,1,NA,4,0
127,1,NA,5,1
127,1,NA,6,1
127,1,NA,7,1
127,1,NA,8,1
127,1,NA,10,1
127,1,NA,11,1
127,1,NA,12,1
127,1,NA,13,1
127,1,NA,15,0
128,1,NA,1,1
128,1,NA,2,1
128,1,NA,4,0
128,1,NA,5,1
128,1,NA,6,0
128,1,NA,8,1
128,1,NA,9,0
128,1,NA,10,1
128,1,NA,13,1
129,1,NA,1,1
129,1,NA,2,1
129,1,NA,3,0
129,1,NA,4,0
129,1,NA,5,1
129,1,NA,6,1
129,1,NA,7,1
129,1,NA,8,1
129,1,NA,9,0
129,1,NA,10,1
129,1,NA,11,1
129,1,NA,13,1
129,1,NA,14,0
129,1,NA,15,0
130,1,NA,1,1
130,1,NA,2,1
130,1,NA,3,0
130,1,NA,4,0
130,1,NA,5,1
130,1,NA,6,1
130,1,NA,7,0
130,1,NA,8,1
130,1,NA,11,1
130,1,NA,13,0
130,1,NA,14,0
130,1,NA,15,1
131,1,NA,1,1
131,1,NA,2,1
131,1,NA,4,1
131,1,NA,5,1
131,1,NA,6,1
131,1,NA,7,1
131,1,NA,8,1
131,1,NA,9,1
131,1,NA,10,0
131,1,NA,11,0
131,1,NA,12,0
131,1,NA,13,1
131,1,NA,14,0
131,1,NA,15,0
132,1,NA,1,1
132,1,NA,2,1
132,1,NA,3,1
132,1,NA,4,0
132,1,NA,5,0
132,1,NA,6,1
132,1,NA,7,0
132,1,NA,8,1
132,1,NA,10,0
132,1,NA,11,0
132,1,NA,12,0
132,1,NA,13,0
132,1,NA,14,1
132,1,NA,15,0
133,1,NA,1,1
133,1,NA,2,1
133,1,NA,3,0
133,1,NA,4,0
133,1,NA,5,1
133,1,NA,6,0
133,1,NA,7,1
133,1,NA,8,1
133,1,NA,9,0
133,1,NA,10,0
133,1,NA,11,1
133,1,NA,12,1
133,1,NA,13,1
133,1,NA,14,0
133,1,NA,15,0
134,1,NA,2,1
134,1,NA,3,0
134,1,NA,4,0
134,1,NA,5,0
134,1,NA,6,0
134,1,NA,7,1
134,1,NA,8,0
134,1,NA,9,1
134,1,NA,10,0
134,1,NA,11,1
134,1,NA,12,0
134,1,NA,13,0
135,1,NA,1,1
135,1,NA,2,1
135,1,NA,3,0
135,1,NA,4,1
135,1,NA,5,1
135,1,NA,6,1
135,1,NA,7,1
135,1,NA,8,1
135,1,NA,9,1
135,1,NA,10,1
135,1,NA,11,1
135,1,NA,13,0
135,1,NA,14,1
135,1,NA,15,0
136,1,NA,1,0
136,1,NA,2,1
136,1,NA,3,0
136,1,NA,4,1
136,1,NA,5,1
136,1,NA,6,1
136,1,NA,7,1
136,1,NA,8,1
136,1,NA,9,1
136,1,NA,10,0
136,1,NA,11,1
136,1,NA,12,1
136,1,NA,13,1
136,1,NA,14,0
136,1,NA,15,0
137,1,NA,1,1
137,1,NA,2,1
137,1,NA,3,1
137,1,NA,4,1
137,1,NA,5,1
137,1,NA,6,1
137,1,NA,7,0
137,1,NA,8,1
137,1,NA,9,0
137,1,NA,10,1
137,1,NA,11,1
137,1,NA,13,1
137,1,NA,14,0
137,1,NA,15,1
138,1,NA,1,1
138,1,NA,2,1
138,1,NA,3,0
138,1,NA,4,1
138,1,NA,5,1
138,1,NA,6,1
138,1,NA,7,1
138,1,NA,8,1
138,1,NA,9,0
138,1,NA,10,1
138,1,NA,11,1
138,1,NA,13,1
138,1,NA,14,0
138,1,NA,15,0
139,1,NA,2,1
139,1,NA,3,0
139,1,NA,4,1
139,1,NA,5,0
139,1,NA,6,1
139,1,NA,7,0
139,1,NA,8,1
139,1,NA,9,0
139,1,NA,10,0
139,1,NA,11,1
139,1,NA,12,1
139,1,NA,13,0
139,1,NA,14,0
139,1,NA,15,0
140,1,NA,1,1
140,1,NA,2,1
140,1,NA,3,0
140,1,NA,4,1
140,1,NA,5,1
140,1,NA,6,1
140,1,NA,7,0
140,1,NA,8,1
140,1,NA,9,0
140,1,NA,10,0
140,1,NA,11,1
140,1,NA,12,1
140,1,NA,13,1
140,1,NA,14,0
140,1,NA,15,0
141,1,NA,2,1
141,1,NA,3,1
141,1,NA,5,1
141,1,NA,6,0
141,1,NA,7,0
141,1,NA,10,1
141,1,NA,11,1
141,1,NA,13,1
141,1,NA,14,0
141,1,NA,15,0
142,1,NA,1,1
142,1,NA,2,1
142,1,NA,3,0
142,1,NA,4,1
142,1,NA,5,1
142,1,NA,6,0
142,1,NA,7,1
142,1,NA,8,0
142,1,NA,9,1
142,1,NA,11,1
142,1,NA,12,0
142,1,NA,14,0
142,1,NA,15,1
143,1,NA,1,1
143,1,NA,2,1
143,1,NA,3,1
143,1,NA,4,1
143,1,NA,5,1
143,1,NA,6,1
143,1,NA,7,1
143,1,NA,8,0
143,1,NA,9,1
143,1,NA,10,1
143,1,NA,11,1
143,1,NA,13,1
143,1,NA,14,0
143,1,NA,15,0
144,1,NA,1,1
144,1,NA,2,1
144,1,NA,3,1
144,1,NA,4,0
144,1,NA,5,0
144,1,NA,6,0
144,1,NA,7,0
144,1,NA,8,0
144,1,NA,9,1
144,1,NA,10,0
144,1,NA,11,0
144,1,NA,12,1
144,1,NA,13,0
145,1,NA,1,1
145,1,NA,2,1
145,1,NA,3,0
145,1,NA,4,0
145,1,NA,5,1
145,1,NA,6,1
145,1,NA,7,0
145,1,NA,8,0
145,1,NA,9,0
145,1,NA,10,0
145,1,NA,11,1
145,1,NA,12,1
145,1,NA,13,1
145,1,NA,14,0
145,1,NA,15,0
146,1,NA,1,1
146,1,NA,2,1
146,1,NA,3,1
146,1,NA,4,0
146,1,NA,5,1
146,1,NA,6,0
146,1,NA,7,0
146,1,NA,8,1
146,1,NA,9,0
146,1,NA,10,0
146,1,NA,11,1
146,1,NA,12,1
146,1,NA,13,1
146,1,NA,14,0
146,1,NA,15,0
147,1,NA,2,0
147,1,NA,3,1
147,1,NA,4,1
147,1,NA,5,1
147,1,NA,6,1
147,1,NA,7,0
147,1,NA,8,1
147,1,NA,9,0
147,1,NA,10,0
147,1,NA,11,1
147,1,NA,12,1
147,1,NA,13,1
148,1,NA,1,0
148,1,NA,2,1
148,1,NA,3,0
148,1,NA,4,1
148,1,NA,5,1
148,1,NA,6,1
148,1,NA,7,0
148,1,NA,8,1
148,1,NA,9,0
148,1,NA,10,1
148,1,NA,11,1
148,1,NA,12,1
148,1,NA,13,1
148,1,NA,14,0
148,1,NA,15,1
149,1,NA,2,1
149,1,NA,3,0
149,1,NA,4,1
149,1,NA,5,0
149,1,NA,6,1
149,1,NA,7,0
149,1,NA,8,1
149,1,NA,9,1
149,1,NA,10,0
149,1,NA,11,1
149,1,NA,12,1
149,1,NA,13,1
149,1,NA,14,0
149,1,NA,15,0
150,1,NA,1,1
150,1,NA,2,1
150,1,NA,3,1
150,1,NA,4,0
150,1,NA,5,1
150,1,NA,6,1
150,1,NA,7,0
150,1,NA,8,0
150,1,NA,9,1
150,1,NA,10,1
150,1,NA,11,1
150,1,NA,12,1
150,1,NA,13,1
150,1,NA,15,0
151,1,NA,1,1
151,1,NA,2,1
151,1,NA,4,1
151,1,NA,5,0
151,1,NA,6,1
151,1,NA,7,1
151,1,NA,8,1
151,1,NA,11,1
151,1,NA,13,1
151,1,NA,14,1
151,1,NA,15,1
152,1,NA,1,1
152,1,NA,2,1
152,1,NA,3,1
152,1,NA,4,1
152,1,NA,5,1
152,1,NA,6,1
152,1,NA,7,1
152,1,NA,8,1
152,1,NA,9,1
152,1,NA,10,1
152,1,NA,13,1
152,1,NA,14,0
152,1,NA,15,0
153,1,NA,1,1
153,1,NA,2,1
153,1,NA,3,1
153,1,NA,4,1
153,1,NA,5,1
153,1,NA,6,1
153,1,NA,7,0
153,1,NA,8,1
153,1,NA,9,1
153,1,NA,10,1
153,1,NA,11,1
153,1,NA,12,0
153,1,NA,13,1
153,1,NA,14,1
153,1,NA,15,0
154,1,NA,1,1
154,1,NA,2,1
154,1,NA,3,1
154,1,NA,4,1
154,1,NA,5,1
154,1,NA,6,0
154,1,NA,7,1
154,1,NA,8,0
154,1,NA,9,0
154,1,NA,10,0
154,1,NA,11,1
154,1,NA,12,1
154,1,NA,13,0
154,1,NA,14,0
154,1,NA,15,0
155,1,NA,1,1
155,1,NA,2,1
155,1,NA,3,1
155,1,NA,4,1
155,1,NA,5,1
155,1,NA,6,1
155,1,NA,7,1
155,1,NA,8,1
155,1,NA,9,1
155,1,NA,10,1
155,1,NA,11,1
155,1,NA,12,1
155,1,NA,13,1
155,1,NA,15,0
156,1,NA,1,1
156,1,NA,2,1
156,1,NA,3,0
156,1,NA,4,1
156,1,NA,5,1
156,1,NA,6,1
156,1,NA,7,0
156,1,NA,8,1
156,1,NA,9,0
156,1,NA,10,0
156,1,NA,11,1
156,1,NA,12,1
156,1,NA,13,1
156,1,NA,14,0
156,1,NA,15,0
157,1,NA,1,1
157,1,NA,2,1
157,1,NA,3,0
157,1,NA,4,0
157,1,NA,5,0
157,1,NA,6,1
157,1,NA,7,0
157,1,NA,8,0
157,1,NA,9,1
157,1,NA,10,0
157,1,NA,11,1
157,1,NA,12,1
157,1,NA,13,0
157,1,NA,14,0
157,1,NA,15,1
158,1,NA,1,1
158,1,NA,2,1
158,1,NA,3,1
158,1,NA,5,1
158,1,NA,6,1
158,1,NA,7,0
158,1,NA,8,1
158,1,NA,10,1
158,1,NA,11,1
158,1,NA,12,1
158,1,NA,13,1
158,1,NA,14,0
158,1,NA,15,0
159,1,NA,1,0
159,1,NA,2,1
159,1,NA,4,1
159,1,NA,5,1
159,1,NA,6,1
159,1,NA,7,0
159,1,NA,8,1
159,1,NA,9,1
159,1,NA,10,0
159,1,NA,11,1
159,1,NA,12,1
159,1,NA,13,1
159,1,NA,14,0
159,1,NA,15,0
160,1,NA,1,0
160,1,NA,2,1
160,1,NA,3,1
160,1,NA,4,0
160,1,NA,5,1
160,1,NA,6,1
160,1,NA,7,0
160,1,NA,8,1
160,1,NA,9,1
160,1,NA,10,0
160,1,NA,11,1
160,1,NA,12,0
160,1,NA,13,1
160,1,NA,14,0
160,1,NA,15,0
161,1,NA,1,1
161,1,NA,2,1
161,1,NA,3,0
161,1,NA,4,0
161,1,NA,5,0
161,1,NA,6,1
161,1,NA,7,1
161,1,NA,8,1
161,1,NA,9,1
161,1,NA,12,0
161,1,NA,14,0
161,1,NA,15,0
162,0,9,1,1
162,0,9,2,1
162,0,9,3,0
162,0,9,4,0
162,0,9,6,0
162,0,9,7,0
162,0,9,8,0
162,0,9,9,1
162,0,9,10,0
162,0,9,11,1
162,0,9,12,1
162,0,9,13,1
162,0,9,14,0
162,0,9,15,0
163,0,9,1,1
163,0,9,2,0
163,0,9,3,0
163,0,9,4,0
163,0,9,5,0
163,0,9,6,0
163,0,9,7,0
163,0,9,8,0
163,0,9,9,1
163,0,9,10,0
163,0,9,11,1
163,0,9,12,0
163,0,9,13,0
163,0,9,14,0
163,0,9,15,0
164,0,9,1,0
164,0,9,2,0
164,0,9,4,0
164,0,9,5,0
164,0,9,6,0
164,0,9,7,0
164,0,9,8,0
164,0,9,9,0
164,0,9,10,0
164,0,9,11,1
164,0,9,12,1
164,0,9,13,0
164,0,9,14,0
164,0,9,15,0
165,0,9,1,1
165,0,9,2,0
165,0,9,3,0
165,0,9,4,0
165,0,9,5,0
165,0,9,6,0
165,0,9,7,0
165,0,9,8,0
165,0,9,9,0
165,0,9,10,0
165,0,9,11,0
165,0,9,12,0
165,0,9,13,0
165,0,9,14,0
165,0,9,15,0
166,0,9,2,1
166,0,9,3,1
166,0,9,4,0
166,0,9,5,0
166,0,9,6,0
166,0,9,7,0
166,0,9,8,1
166,0,9,9,0
166,0,9,10,0
166,0,9,11,1
166,0,9,12,0
166,0,9,13,1
166,0,9,14,0
166,0,9,15,0
167,0,9,1,1
167,0,9,2,1
167,0,9,4,1
167,0,9,5,0
167,0,9,6,0
167,0,9,7,1
167,0,9,8,0
167,0,9,9,0
167,0,9,10,0
167,0,9,11,1
167,0,9,12,0
167,0,9,13,0
167,0,9,14,0
167,0,9,15,0
168,0,9,1,0
168,0,9,2,0
168,0,9,3,0
168,0,9,5,0
168,0,9,6,0
168,0,9,7,0
168,0,9,8,0
168,0,9,9,1
168,0,9,10,0
168,0,9,11,0
168,0,9,12,1
168,0,9,13,0
168,0,9,14,0
168,0,9,15,0
169,0,9,1,1
169,0,9,2,0
169,0,9,3,0
169,0,9,4,0
169,0,9,5,0
169,0,9,6,1
169,0,9,7,0
169,0,9,8,0
169,0,9,9,0
169,0,9,10,0
169,0,9,11,0
169,0,9,13,0
169,0,9,14,0
169,0,9,15,0
170,0,9,1,1
170,0,9,2,0
170,0,9,3,1
170,0,9,4,0
170,0,9,5,0
170,0,9,6,0
170,0,9,7,0
170,0,9,8,0
170,0,9,9,0
170,0,9,10,1
170,0,9,11,0
170,0,9,12,0
170,0,9,13,0
170,0,9,14,0
170,0,9,15,0
171,0,9,1,1
171,0,9,2,0
171,0,9,3,0
171,0,9,4,0
171,0,9,5,1
171,0,9,6,0
171,0,9,7,1
171,0,9,8,0
171,0,9,9,0
171,0,9,10,0
171,0,9,11,1
171,0,9,12,1
171,0,9,13,1
171,0,9,14,0
171,0,9,15,0
172,0,9,1,1
172,0,9,2,1
172,0,9,3,0
172,0,9,4,1
172,0,9,5,0
172,0,9,6,0
172,0,9,7,1
172,0,9,8,0
172,0,9,9,1
172,0,9,10,0
172,0,9,11,0
172,0,9,12,0
172,0,9,13,1
172,0,9,14,0
172,0,9,15,0
173,0,9,1,1
173,0,9,2,0
173,0,9,3,0
173,0,9,5,0
173,0,9,6,0
173,0,9,7,0
173,0,9,8,0
173,0,9,9,0
173,0,9,10,1
173,0,9,11,1
173,0,9,13,0
173,0,9,14,0
173,0,9,15,0
174,0,9,5,0
174,0,9,7,0
174,0,9,8,0
174,0,9,9,0
174,0,9,10,0
174,0,9,11,0
174,0,9,12,0
174,0,9,13,0
174,0,9,14,0
174,0,9,15,0
175,0,9,1,0
175,0,9,2,1
175,0,9,3,0
175,0,9,4,0
175,0,9,5,0
175,0,9,6,0
175,0,9,7,1
175,0,9,8,0
175,0,9,9,0
175,0,9,10,0
175,0,9,11,0
175,0,9,12,0
175,0,9,13,0
175,0,9,14,0
175,0,9,15,0
176,0,9,1,1
176,0,9,2,1
176,0,9,3,0
176,0,9,4,0
176,0,9,6,1
176,0,9,7,0
176,0,9,8,1
176,0,9,9,0
176,0,9,10,1
176,0,9,11,1
176,0,9,12,1
176,0,9,13,0
176,0,9,14,0
176,0,9,15,0
177,0,9,1,1
177,0,9,2,0
177,0,9,3,0
177,0,9,4,0
177,0,9,5,0
177,0,9,6,0
177,0,9,7,0
177,0,9,8,0
177,0,9,9,0
177,0,9,10,0
177,0,9,11,1
177,0,9,12,0
177,0,9,13,0
177,0,9,14,0
177,0,9,15,0
178,0,9,1,0
178,0,9,2,0
178,0,9,3,0
178,0,9,4,1
178,0,9,5,0
178,0,9,6,0
178,0,9,7,0
178,0,9,8,0
178,0,9,9,1
178,0,9,10,0
178,0,9,11,0
178,0,9,12,0
178,0,9,13,0
178,0,9,14,0
178,0,9,15,0
179,0,9,1,1
179,0,9,2,0
179,0,9,3,1
179,0,9,4,0
179,0,9,5,0
179,0,9,6,0
179,0,9,7,0
179,0,9,8,0
179,0,9,9,0
179,0,9,10,0
179,0,9,11,0
179,0,9,12,0
179,0,9,13,0
179,0,9,14,0
179,0,9,15,0
180,0,9,2,0
180,0,9,3,0
180,0,9,4,0
180,0,9,5,0
180,0,9,6,0
180,0,9,7,0
180,0,9,8,0
180,0,9,9,1
180,0,9,10,0
180,0,9,11,0
180,0,9,12,0
180,0,9,13,0
180,0,9,14,0
180,0,9,15,0
181,0,9,1,1
181,0,9,2,0
181,0,9,3,0
181,0,9,5,0
181,0,9,6,0
181,0,9,7,0
181,0,9,8,0
181,0,9,9,1
181,0,9,10,0
181,0,9,11,1
181,0,9,12,1
181,0,9,13,0
181,0,9,14,0
181,0,9,15,0
182,0,9,1,1
182,0,9,2,0
182,0,9,3,0
182,0,9,4,0
182,0,9,5,1
182,0,9,6,1
182,0,9,7,0
182,0,9,8,0
182,0,9,9,1
182,0,9,10,0
182,0,9,11,1
182,0,9,12,0
182,0,9,13,1
182,0,9,14,0
182,0,9,15,0
183,0,9,1,1
183,0,9,2,0
183,0,9,4,0
183,0,9,5,0
183,0,9,6,0
183,0,9,7,0
183,0,9,8,0
183,0,9,9,1
183,0,9,10,0
183,0,9,11,0
183,0,9,12,0
183,0,9,13,1
183,0,9,14,0
183,0,9,15,0
184,0,9,1,1
184,0,9,2,0
184,0,9,3,0
184,0,9,4,0
184,0,9,5,1
184,0,9,6,0
184,0,9,7,0
184,0,9,8,1
184,0,9,9,1
184,0,9,10,0
184,0,9,11,1
184,0,9,12,0
184,0,9,13,1
184,0,9,14,0
184,0,9,15,0
185,0,9,1,1
185,0,9,2,0
185,0,9,3,0
185,0,9,4,0
185,0,9,5,1
185,0,9,6,0
185,0,9,7,0
185,0,9,8,1
185,0,9,9,1
185,0,9,10,0
185,0,9,11,1
185,0,9,13,1
185,0,9,14,0
185,0,9,15,0
186,0,9,1,0
186,0,9,2,0
186,0,9,3,0
186,0,9,4,0
186,0,9,5,0
186,0,9,6,1
186,0,9,7,0
186,0,9,8,0
186,0,9,9,1
186,0,9,10,0
186,0,9,11,0
186,0,9,12,0
186,0,9,13,0
186,0,9,14,0
186,0,9,15,0
187,0,9,1,1
187,0,9,2,1
187,0,9,3,0
187,0,9,4,0
187,0,9,5,0
187,0,9,6,1
187,0,9,7,0
187,0,9,8,0
187,0,9,9,1
187,0,9,10,0
187,0,9,11,0
187,0,9,12,0
187,0,9,13,0
187,0,9,14,0
187,0,9,15,0
188,0,9,2,0
188,0,9,3,0
188,0,9,4,0
188,0,9,5,0
188,0,9,6,0
188,0,9,7,0
188,0,9,8,0
188,0,9,9,1
188,0,9,10,0
188,0,9,11,0
188,0,9,12,1
188,0,9,13,0
188,0,9,14,0
188,0,9,15,0
189,0,9,2,0
189,0,9,3,0
189,0,9,4,0
189,0,9,5,0
189,0,9,6,0
189,0,9,7,1
189,0,9,8,1
189,0,9,9,1
189,0,9,10,0
189,0,9,11,0
189,0,9,12,0
189,0,9,13,0
189,0,9,14,0
189,0,9,15,0
190,0,9,1,1
190,0,9,4,0
190,0,9,5,0
190,0,9,6,1
190,0,9,7,0
190,0,9,8,1
190,0,9,9,0
190,0,9,10,0
190,0,9,12,0
190,0,9,13,0
190,0,9,14,0
190,0,9,15,0
191,0,9,2,0
191,0,9,3,1
191,0,9,4,0
191,0,9,5,0
191,0,9,6,1
191,0,9,7,0
191,0,9,8,0
191,0,9,9,1
191,0,9,11,1
191,0,9,12,0
191,0,9,13,0
191,0,9,14,0
191,0,9,15,0
192,1,1,1,1
192,1,1,2,1
192,1,1,3,0
192,1,1,4,0
192,1,1,5,1
192,1,1,6,1
192,1,1,7,0
192,1,1,8,1
192,1,1,9,0
192,1,1,10,0
192,1,1,11,1
192,1,1,12,1
192,1,1,13,1
192,1,1,14,0
192,1,1,15,0
193,1,1,1,1
193,1,1,2,1
193,1,1,3,0
193,1,1,4,0
193,1,1,5,0
193,1,1,6,1
193,1,1,7,1
193,1,1,8,1
193,1,1,9,0
193,1,1,10,1
193,1,1,11,1
193,1,1,12,1
193,1,1,14,0
193,1,1,15,1
194,1,1,1,1
194,1,1,2,1
194,1,1,3,0
194,1,1,4,0
194,1,1,5,1
194,1,1,6,1
194,1,1,7,1
194,1,1,8,1
194,1,1,9,0
194,1,1,10,0
194,1,1,11,1
194,1,1,12,0
194,1,1,13,1
194,1,1,14,0
194,1,1,15,0
195,1,1,1,1
195,1,1,2,1
195,1,1,3,1
195,1,1,4,0
195,1,1,5,0
195,1,1,6,1
195,1,1,7,1
195,1,1,8,0
195,1,1,9,0
195,1,1,10,0
195,1,1,11,1
195,1,1,12,0
195,1,1,13,0
195,1,1,14,0
195,1,1,15,0
196,1,1,1,1
196,1,1,2,1
196,1,1,4,1
196,1,1,5,1
196,1,1,6,1
196,1,1,7,1
196,1,1,8,1
196,1,1,9,0
196,1,1,10,0
196,1,1,11,1
196,1,1,12,1
196,1,1,13,1
196,1,1,14,0
196,1,1,15,0
197,1,1,1,1
197,1,1,2,1
197,1,1,3,0
197,1,1,4,0
197,1,1,5,1
197,1,1,6,1
197,1,1,7,1
197,1,1,8,1
197,1,1,9,0
197,1,1,10,1
197,1,1,11,1
197,1,1,12,1
197,1,1,13,1
197,1,1,14,0
197,1,1,15,1
198,1,2,1,1
198,1,2,2,1
198,1,2,3,0
198,1,2,4,0
198,1,2,6,1
198,1,2,7,0
198,1,2,8,1
198,1,2,9,0
198,1,2,10,0
198,1,2,11,1
198,1,2,12,0
198,1,2,13,1
198,1,2,14,0
198,1,2,15,0
199,1,2,1,0
199,1,2,2,1
199,1,2,3,0
199,1,2,4,0
199,1,2,6,1
199,1,2,7,0
199,1,2,8,1
199,1,2,9,0
199,1,2,10,0
199,1,2,11,1
199,1,2,12,1
199,1,2,13,0
199,1,2,14,0
199,1,2,15,0
200,1,2,1,1
200,1,2,2,1
200,1,2,3,0
200,1,2,4,0
200,1,2,5,0
200,1,2,6,1
200,1,2,7,1
200,1,2,8,1
200,1,2,10,0
200,1,2,11,1
200,1,2,12,0
200,1,2,13,1
200,1,2,14,1
200,1,2,15,0
201,1,2,1,1
201,1,2,2,1
201,1,2,3,0
201,1,2,4,0
201,1,2,5,0
201,1,2,6,1
201,1,2,7,0
201,1,2,8,1
201,1,2,9,0
201,1,2,10,0
201,1,2,11,1
201,1,2,12,1
201,1,2,13,1
201,1,2,14,0
201,1,2,15,0
202,1,2,1,1
202,1,2,2,1
202,1,2,3,1
202,1,2,4,0
202,1,2,5,0
202,1,2,6,1
202,1,2,7,1
202,1,2,8,1
202,1,2,9,0
202,1,2,10,1
202,1,2,11,1
202,1,2,12,1
202,1,2,13,0
202,1,2,14,0
202,1,2,15,0
203,1,2,1,1
203,1,2,2,1
203,1,2,3,0
203,1,2,4,0
203,1,2,5,1
203,1,2,6,1
203,1,2,7,1
203,1,2,8,1
203,1,2,9,0
203,1,2,10,0
203,1,2,11,1
203,1,2,12,1
203,1,2,13,1
203,1,2,14,0
203,1,2,15,0
204,1,2,1,1
204,1,2,2,1
204,1,2,3,0
204,1,2,4,0
204,1,2,5,0
204,1,2,6,0
204,1,2,7,1
204,1,2,9,0
204,1,2,10,0
204,1,2,11,1
204,1,2,12,1
204,1,2,13,1
204,1,2,14,0
204,1,2,15,0
205,1,2,1,1
205,1,2,2,1
205,1,2,3,0
205,1,2,4,0
205,1,2,5,0
205,1,2,6,1
205,1,2,7,1
205,1,2,8,1
205,1,2,9,0
205,1,2,10,0
205,1,2,11,1
205,1,2,12,1
205,1,2,13,0
205,1,2,14,0
205,1,2,15,0
206,1,3,1,1
206,1,3,2,1
206,1,3,3,0
206,1,3,4,0
206,1,3,5,0
206,1,3,6,1
206,1,3,7,1
206,1,3,8,1
206,1,3,9,1
206,1,3,10,1
206,1,3,11,1
206,1,3,12,0
206,1,3,13,1
206,1,3,14,0
206,1,3,15,0
207,1,3,1,1
207,1,3,2,1
207,1,3,4,0
207,1,3,5,1
207,1,3,6,1
207,1,3,7,1
207,1,3,8,1
207,1,3,9,0
207,1,3,10,0
207,1,3,11,1
207,1,3,12,1
207,1,3,13,1
207,1,3,14,0
207,1,3,15,1
208,1,3,1,0
208,1,3,2,1
208,1,3,3,1
208,1,3,4,0
208,1,3,5,1
208,1,3,6,0
208,1,3,7,1
208,1,3,8,1
208,1,3,9,1
208,1,3,10,0
208,1,3,11,1
208,1,3,12,0
208,1,3,13,1
208,1,3,14,0
208,1,3,15,1
209,1,3,1,1
209,1,3,2,1
209,1,3,3,1
209,1,3,4,1
209,1,3,5,0
209,1,3,6,1
209,1,3,7,1
209,1,3,9,1
209,1,3,10,0
209,1,3,11,1
209,1,3,12,1
209,1,3,13,0
209,1,3,14,0
209,1,3,15,0
210,1,5,1,1
210,1,5,2,1
210,1,5,3,0
210,1,5,4,0
210,1,5,5,0
210,1,5,6,0
210,1,5,7,1
210,1,5,8,1
210,1,5,9,0
210,1,5,10,0
210,1,5,11,1
210,1,5,12,0
210,1,5,13,1
210,1,5,14,0
210,1,5,15,1
211,1,5,1,1
211,1,5,2,1
211,1,5,3,1
211,1,5,4,0
211,1,5,5,1
211,1,5,6,1
211,1,5,7,1
211,1,5,8,0
211,1,5,9,0
211,1,5,10,0
211,1,5,11,1
211,1,5,12,1
211,1,5,13,1
211,1,5,14,1
211,1,5,15,0
212,1,5,1,1
212,1,5,4,0
212,1,5,5,0
212,1,5,6,1
212,1,5,7,0
212,1,5,8,1
212,1,5,10,0
212,1,5,11,1
212,1,5,12,1
212,1,5,13,0
212,1,5,14,0
212,1,5,15,0
213,1,1,1,0
213,1,1,2,1
213,1,1,4,1
213,1,1,5,1
213,1,1,6,0
213,1,1,7,1
213,1,1,8,1
213,1,1,9,0
213,1,1,10,0
213,1,1,11,1
213,1,1,12,0
213,1,1,13,1
213,1,1,14,1
213,1,1,15,0
214,1,1,1,1
214,1,1,2,1
214,1,1,4,0
214,1,1,5,0
214,1,1,6,1
214,1,1,7,1
214,1,1,8,1
214,1,1,9,1
214,1,1,10,0
214,1,1,11,1
214,1,1,12,0
214,1,1,13,1
214,1,1,14,1
214,1,1,15,0
215,1,1,1,1
215,1,1,2,1
215,1,1,3,1
215,1,1,4,1
215,1,1,5,1
215,1,1,6,1
215,1,1,7,1
215,1,1,8,1
215,1,1,9,0
215,1,1,10,0
215,1,1,11,1
215,1,1,12,0
215,1,1,13,0
215,1,1,14,1
215,1,1,15,0
216,1,1,1,1
216,1,1,2,1
216,1,1,3,0
216,1,1,4,1
216,1,1,5,1
216,1,1,6,1
216,1,1,7,0
216,1,1,8,1
216,1,1,9,0
216,1,1,10,0
216,1,1,11,1
216,1,1,12,0
216,1,1,13,0
216,1,1,14,1
216,1,1,15,0
217,1,2,1,1
217,1,2,2,1
217,1,2,3,1
217,1,2,5,1
217,1,2,6,1
217,1,2,7,0
217,1,2,9,1
217,1,2,10,0
217,1,2,11,1
217,1,2,12,0
217,1,2,13,0
217,1,2,14,0
217,1,2,15,0
218,1,3,1,1
218,1,3,2,1
218,1,3,4,1
218,1,3,5,0
218,1,3,6,0
218,1,3,7,1
218,1,3,8,1
218,1,3,9,1
218,1,3,10,1
218,1,3,11,1
218,1,3,12,0
218,1,3,13,1
218,1,3,14,0
218,1,3,15,0
219,1,3,1,1
219,1,3,2,1
219,1,3,3,0
219,1,3,4,1
219,1,3,5,0
219,1,3,6,1
219,1,3,7,1
219,1,3,8,1
219,1,3,9,0
219,1,3,10,0
219,1,3,11,0
219,1,3,12,0
219,1,3,13,0
219,1,3,14,1
219,1,3,15,0
220,1,5,1,0
220,1,5,2,1
220,1,5,5,0
220,1,5,6,0
220,1,5,7,1
220,1,5,8,1
220,1,5,9,0
220,1,5,10,0
220,1,5,11,1
220,1,5,12,0
220,1,5,13,0
220,1,5,14,0
220,1,5,15,0
221,1,5,1,1
221,1,5,2,1
221,1,5,3,0
221,1,5,4,1
221,1,5,5,1
221,1,5,6,1
221,1,5,7,0
221,1,5,8,0
221,1,5,9,1
221,1,5,10,1
221,1,5,11,0
221,1,5,12,0
221,1,5,13,0
221,1,5,14,0
221,1,5,15,0
222,1,5,2,1
222,1,5,3,0
222,1,5,4,0
222,1,5,5,0
222,1,5,6,1
222,1,5,7,1
222,1,5,8,1
222,1,5,9,1
222,1,5,10,0
222,1,5,11,1
222,1,5,12,0
222,1,5,13,0
222,1,5,14,0
222,1,5,15,0
223,1,1,1,1
223,1,1,2,1
223,1,1,3,0
223,1,1,4,0
223,1,1,5,1
223,1,1,6,1
223,1,1,7,0
223,1,1,8,1
223,1,1,9,1
223,1,1,10,0
223,1,1,11,1
223,1,1,12,1
223,1,1,14,1
223,1,1,15,0
224,1,1,1,1
224,1,1,2,1
224,1,1,3,1
224,1,1,4,0
224,1,1,5,0
224,1,1,6,1
224,1,1,7,0
224,1,1,8,1
224,1,1,9,1
224,1,1,10,0
224,1,1,11,1
224,1,1,12,0
224,1,1,13,1
224,1,1,14,1
224,1,1,15,0
225,1,3,1,1
225,1,3,2,1
225,1,3,3,1
225,1,3,4,0
225,1,3,5,1
225,1,3,6,1
225,1,3,7,1
225,1,3,9,0
225,1,3,10,0
225,1,3,11,1
225,1,3,12,0
225,1,3,13,0
225,1,3,14,1
225,1,3,15,0
226,1,3,1,0
226,1,3,2,1
226,1,3,3,1
226,1,3,4,0
226,1,3,5,0
226,1,3,6,1
226,1,3,7,0
226,1,3,8,1
226,1,3,9,0
226,1,3,10,1
226,1,3,11,1
226,1,3,12,1
226,1,3,13,0
226,1,3,14,0
226,1,3,15,0
227,1,4,1,0
227,1,4,2,1
227,1,4,3,0
227,1,4,4,0
227,1,4,5,0
227,1,4,6,1
227,1,4,7,0
227,1,4,8,1
227,1,4,9,0
227,1,4,10,0
227,1,4,11,1
227,1,4,12,1
227,1,4,13,0
227,1,4,14,0
227,1,4,15,0
228,1,4,1,0
228,1,4,2,1
228,1,4,3,0
228,1,4,4,0
228,1,4,5,0
228,1,4,6,1
228,1,4,7,1
228,1,4,8,0
228,1,4,9,1
228,1,4,10,0
228,1,4,11,1
228,1,4,12,1
228,1,4,13,0
228,1,4,14,0
228,1,4,15,0
229,1,5,1,0
229,1,5,2,1
229,1,5,3,1
229,1,5,4,0
229,1,5,5,1
229,1,5,6,1
229,1,5,7,1
229,1,5,8,1
229,1,5,9,0
229,1,5,10,0
229,1,5,11,1
229,1,5,12,0
229,1,5,13,0
229,1,5,14,0
229,1,5,15,0
230,1,5,1,0
230,1,5,2,1
230,1,5,3,1
230,1,5,4,0
230,1,5,5,0
230,1,5,6,1
230,1,5,7,1
230,1,5,8,1
230,1,5,9,0
230,1,5,10,0
230,1,5,11,1
230,1,5,12,0
230,1,5,13,0
230,1,5,14,0
230,1,5,15,0
231,1,1,1,0
231,1,1,2,1
231,1,1,3,0
231,1,1,4,0
231,1,1,5,1
231,1,1,6,1
231,1,1,7,0
231,1,1,8,1
231,1,1,9,1
231,1,1,10,0
231,1,1,11,1
231,1,1,12,0
231,1,1,13,1
231,1,1,14,0
231,1,1,15,0
232,1,1,1,1
232,1,1,3,1
232,1,1,4,0
232,1,1,5,1
232,1,1,6,1
232,1,1,7,0
232,1,1,8,1
232,1,1,9,0
232,1,1,10,0
232,1,1,11,1
232,1,1,12,0
232,1,1,13,1
232,1,1,14,0
232,1,1,15,0
233,1,1,1,1
233,1,1,2,1
233,1,1,3,0
233,1,1,4,0
233,1,1,5,1
233,1,1,6,1
233,1,1,7,1
233,1,1,8,0
233,1,1,9,0
233,1,1,10,0
233,1,1,11,1
233,1,1,12,1
233,1,1,13,1
233,1,1,14,0
233,1,1,15,0
234,1,1,1,0
234,1,1,2,1
234,1,1,3,1
234,1,1,4,0
234,1,1,5,0
234,1,1,6,1
234,1,1,7,0
234,1,1,8,1
234,1,1,9,0
234,1,1,10,0
234,1,1,11,1
234,1,1,12,0
234,1,1,13,1
234,1,1,14,1
234,1,1,15,0
235,1,2,1,1
235,1,2,2,1
235,1,2,3,1
235,1,2,4,0
235,1,2,5,1
235,1,2,6,1
235,1,2,7,0
235,1,2,8,1
235,1,2,9,1
235,1,2,10,1
235,1,2,11,1
235,1,2,12,0
235,1,2,13,1
235,1,2,14,0
235,1,2,15,1
236,1,2,2,1
236,1,2,3,1
236,1,2,4,0
236,1,2,5,0
236,1,2,6,1
236,1,2,7,0
236,1,2,8,1
236,1,2,9,1
236,1,2,10,1
236,1,2,11,1
236,1,2,12,0
236,1,2,13,0
236,1,2,14,1
236,1,2,15,0
237,1,2,1,0
237,1,2,2,1
237,1,2,3,1
237,1,2,4,0
237,1,2,5,0
237,1,2,6,1
237,1,2,9,0
237,1,2,10,1
237,1,2,11,1
237,1,2,12,0
237,1,2,14,1
237,1,2,15,0
238,1,2,1,1
238,1,2,2,1
238,1,2,3,0
238,1,2,4,0
238,1,2,5,0
238,1,2,6,1
238,1,2,7,0
238,1,2,8,1
238,1,2,9,0
238,1,2,10,0
238,1,2,11,1
238,1,2,12,1
238,1,2,13,1
238,1,2,14,1
238,1,2,15,0
239,1,2,1,0
239,1,2,2,1
239,1,2,3,1
239,1,2,4,0
239,1,2,5,0
239,1,2,6,1
239,1,2,7,1
239,1,2,8,1
239,1,2,9,1
239,1,2,10,0
239,1,2,11,1
239,1,2,12,1
239,1,2,13,1
239,1,2,14,1
239,1,2,15,0
240,1,3,1,0
240,1,3,2,1
240,1,3,3,0
240,1,3,4,0
240,1,3,5,0
240,1,3,6,1
240,1,3,7,1
240,1,3,8,1
240,1,3,9,1
240,1,3,10,1
240,1,3,11,1
240,1,3,12,0
240,1,3,13,1
240,1,3,14,1
240,1,3,15,0
241,1,3,1,1
241,1,3,2,1
241,1,3,3,0
241,1,3,4,0
241,1,3,5,0
241,1,3,6,1
241,1,3,7,0
241,1,3,8,1
241,1,3,9,1
241,1,3,10,1
241,1,3,11,0
241,1,3,12,0
241,1,3,13,1
241,1,3,14,1
241,1,3,15,0
242,1,3,1,1
242,1,3,2,1
242,1,3,3,1
242,1,3,4,0
242,1,3,5,0
242,1,3,6,1
242,1,3,7,0
242,1,3,8,1
242,1,3,9,1
242,1,3,10,1
242,1,3,11,1
242,1,3,12,1
242,1,3,13,0
242,1,3,14,0
242,1,3,15,0
243,1,4,1,1
243,1,4,2,1
243,1,4,3,1
243,1,4,4,1
243,1,4,5,1
243,1,4,6,1
243,1,4,7,1
243,1,4,8,1
243,1,4,9,1
243,1,4,10,0
243,1,4,11,1
243,1,4,12,0
243,1,4,13,1
243,1,4,14,0
243,1,4,15,0
244,1,4,1,0
244,1,4,2,1
244,1,4,3,1
244,1,4,4,0
244,1,4,5,0
244,1,4,6,1
244,1,4,7,1
244,1,4,8,1
244,1,4,9,0
244,1,4,10,0
244,1,4,11,1
244,1,4,12,0
244,1,4,13,0
244,1,4,14,1
244,1,4,15,0
245,1,4,1,1
245,1,4,2,1
245,1,4,3,0
245,1,4,4,0
245,1,4,5,1
245,1,4,6,0
245,1,4,7,1
245,1,4,8,1
245,1,4,9,0
245,1,4,10,0
245,1,4,11,1
245,1,4,12,0
245,1,4,13,1
245,1,4,14,1
245,1,4,15,0
246,1,5,1,1
246,1,5,2,1
246,1,5,3,0
246,1,5,4,0
246,1,5,5,0
246,1,5,6,1
246,1,5,7,1
246,1,5,8,1
246,1,5,9,1
246,1,5,10,0
246,1,5,11,0
246,1,5,12,1
246,1,5,13,1
246,1,5,14,0
246,1,5,15,0
247,1,5,1,0
247,1,5,2,1
247,1,5,3,0
247,1,5,4,0
247,1,5,5,0
247,1,5,6,0
247,1,5,7,1
247,1,5,8,0
247,1,5,9,0
247,1,5,10,0
247,1,5,11,0
247,1,5,12,0
247,1,5,13,1
247,1,5,14,0
247,1,5,15,0
248,1,5,1,1
248,1,5,3,0
248,1,5,4,0
248,1,5,5,1
248,1,5,6,0
248,1,5,7,1
248,1,5,8,1
248,1,5,9,0
248,1,5,10,0
248,1,5,11,1
248,1,5,12,0
248,1,5,13,0
248,1,5,14,1
248,1,5,15,0
