"newID","Role","sch.num","intYear","Grade","QID","ResponseFlipped"
1,1,2,2017,1,1,0
1,1,2,2017,1,2,1
1,1,2,2017,1,3,0
1,1,2,2017,1,4,0
1,1,2,2017,1,6,0
1,1,2,2017,1,7,0
1,1,2,2017,1,8,0
1,1,2,2017,1,9,0
1,1,2,2017,1,10,0
1,1,2,2017,1,11,1
1,1,2,2017,1,12,1
1,1,2,2017,1,13,1
1,1,2,2017,1,14,0
1,1,2,2017,1,15,0
2,1,2,2017,1,1,0
2,1,2,2017,1,2,0
2,1,2,2017,1,3,0
2,1,2,2017,1,4,0
2,1,2,2017,1,5,0
2,1,2,2017,1,6,0
2,1,2,2017,1,7,0
2,1,2,2017,1,8,0
2,1,2,2017,1,9,0
2,1,2,2017,1,10,0
2,1,2,2017,1,11,1
2,1,2,2017,1,12,0
2,1,2,2017,1,13,0
2,1,2,2017,1,14,0
2,1,2,2017,1,15,0
3,1,2,2017,1,1,1
3,1,2,2017,1,2,0
3,1,2,2017,1,4,0
3,1,2,2017,1,5,0
3,1,2,2017,1,6,0
3,1,2,2017,1,7,0
3,1,2,2017,1,8,0
3,1,2,2017,1,9,1
3,1,2,2017,1,10,0
3,1,2,2017,1,11,1
3,1,2,2017,1,12,1
3,1,2,2017,1,13,0
3,1,2,2017,1,14,0
3,1,2,2017,1,15,0
4,1,2,2017,1,1,0
4,1,2,2017,1,2,0
4,1,2,2017,1,3,0
4,1,2,2017,1,4,0
4,1,2,2017,1,5,0
4,1,2,2017,1,6,0
4,1,2,2017,1,7,0
4,1,2,2017,1,8,0
4,1,2,2017,1,9,1
4,1,2,2017,1,10,0
4,1,2,2017,1,11,0
4,1,2,2017,1,12,0
4,1,2,2017,1,13,0
4,1,2,2017,1,14,0
4,1,2,2017,1,15,0
5,1,2,2017,1,2,1
5,1,2,2017,1,3,1
5,1,2,2017,1,4,0
5,1,2,2017,1,5,0
5,1,2,2017,1,6,0
5,1,2,2017,1,7,0
5,1,2,2017,1,8,1
5,1,2,2017,1,9,1
5,1,2,2017,1,10,0
5,1,2,2017,1,11,1
5,1,2,2017,1,12,0
5,1,2,2017,1,13,1
5,1,2,2017,1,14,0
5,1,2,2017,1,15,0
6,1,2,2017,1,1,0
6,1,2,2017,1,2,1
6,1,2,2017,1,4,1
6,1,2,2017,1,5,0
6,1,2,2017,1,6,0
6,1,2,2017,1,7,1
6,1,2,2017,1,8,0
6,1,2,2017,1,9,1
6,1,2,2017,1,10,0
6,1,2,2017,1,11,1
6,1,2,2017,1,12,0
6,1,2,2017,1,13,0
6,1,2,2017,1,14,0
6,1,2,2017,1,15,0
7,1,2,2017,1,1,1
7,1,2,2017,1,2,0
7,1,2,2017,1,3,0
7,1,2,2017,1,5,0
7,1,2,2017,1,6,0
7,1,2,2017,1,7,0
7,1,2,2017,1,8,0
7,1,2,2017,1,9,0
7,1,2,2017,1,10,0
7,1,2,2017,1,11,0
7,1,2,2017,1,12,1
7,1,2,2017,1,13,0
7,1,2,2017,1,14,0
7,1,2,2017,1,15,0
8,1,4,2017,1,1,0
8,1,4,2019,1,1,0
8,1,4,2017,1,2,0
8,1,4,2019,1,2,0
8,1,4,2017,1,3,0
8,1,4,2019,1,3,1
8,1,4,2017,1,4,0
8,1,4,2019,1,4,0
8,1,4,2017,1,5,0
8,1,4,2019,1,5,0
8,1,4,2017,1,6,1
8,1,4,2017,1,7,0
8,1,4,2019,1,7,0
8,1,4,2017,1,8,0
8,1,4,2019,1,8,1
8,1,4,2017,1,9,1
8,1,4,2019,1,9,1
8,1,4,2017,1,10,0
8,1,4,2017,1,11,0
8,1,4,2019,1,11,0
8,1,4,2019,1,12,1
8,1,4,2017,1,13,0
8,1,4,2019,1,13,0
8,1,4,2017,1,14,0
8,1,4,2019,1,14,0
8,1,4,2017,1,15,0
8,1,4,2019,1,15,0
9,1,4,2017,1,1,0
9,1,4,2017,1,2,0
9,1,4,2017,1,3,1
9,1,4,2017,1,4,0
9,1,4,2017,1,5,0
9,1,4,2017,1,6,0
9,1,4,2017,1,7,0
9,1,4,2017,1,8,0
9,1,4,2017,1,9,1
9,1,4,2017,1,10,1
9,1,4,2017,1,11,0
9,1,4,2017,1,12,0
9,1,4,2017,1,13,0
9,1,4,2017,1,14,0
9,1,4,2017,1,15,0
10,1,4,2017,1,1,0
10,1,4,2019,1,1,0
10,1,4,2017,1,2,0
10,1,4,2019,1,2,0
10,1,4,2017,1,3,0
10,1,4,2019,1,3,0
10,1,4,2017,1,4,0
10,1,4,2017,1,5,1
10,1,4,2019,1,5,0
10,1,4,2017,1,6,0
10,1,4,2019,1,6,0
10,1,4,2017,1,7,1
10,1,4,2019,1,7,0
10,1,4,2017,1,8,0
10,1,4,2019,1,8,0
10,1,4,2017,1,9,1
10,1,4,2019,1,9,1
10,1,4,2017,1,10,0
10,1,4,2019,1,10,0
10,1,4,2017,1,11,1
10,1,4,2019,1,11,0
10,1,4,2017,1,12,1
10,1,4,2019,1,12,0
10,1,4,2017,1,13,1
10,1,4,2019,1,13,1
10,1,4,2017,1,14,0
10,1,4,2019,1,14,0
10,1,4,2017,1,15,0
10,1,4,2019,1,15,0
11,1,4,2017,1,1,0
11,1,4,2017,1,2,1
11,1,4,2017,1,3,0
11,1,4,2017,1,4,1
11,1,4,2017,1,5,0
11,1,4,2017,1,6,0
11,1,4,2017,1,7,1
11,1,4,2017,1,8,0
11,1,4,2017,1,9,0
11,1,4,2017,1,10,0
11,1,4,2017,1,11,0
11,1,4,2017,1,12,0
11,1,4,2017,1,13,1
11,1,4,2017,1,14,0
11,1,4,2017,1,15,0
12,1,4,2017,1,1,0
12,1,4,2017,1,2,0
12,1,3,2019,1,2,0
12,1,4,2017,1,3,0
12,1,3,2019,1,3,0
12,1,3,2019,1,4,1
12,1,4,2017,1,5,0
12,1,3,2019,1,5,0
12,1,4,2017,1,6,0
12,1,3,2019,1,6,0
12,1,4,2017,1,7,0
12,1,3,2019,1,7,0
12,1,4,2017,1,8,0
12,1,3,2019,1,8,0
12,1,4,2017,1,9,1
12,1,4,2017,1,10,1
12,1,4,2017,1,11,1
12,1,3,2019,1,11,1
12,1,3,2019,1,12,1
12,1,4,2017,1,13,0
12,1,3,2019,1,13,1
12,1,4,2017,1,14,0
12,1,3,2019,1,14,0
12,1,4,2017,1,15,0
12,1,3,2019,1,15,0
13,1,4,2017,1,5,0
13,1,4,2017,1,7,0
13,1,4,2017,1,8,0
13,1,4,2017,1,9,1
13,1,4,2017,1,10,0
13,1,4,2017,1,11,0
13,1,4,2017,1,12,0
13,1,4,2017,1,13,0
13,1,4,2017,1,14,0
13,1,4,2017,1,15,0
14,1,4,2017,1,1,1
14,1,4,2017,1,2,1
14,1,4,2017,1,3,0
14,1,4,2017,1,4,0
14,1,4,2017,1,5,0
14,1,4,2017,1,6,0
14,1,4,2017,1,7,1
14,1,4,2017,1,8,0
14,1,4,2017,1,9,1
14,1,4,2017,1,10,0
14,1,4,2017,1,11,0
14,1,4,2017,1,12,0
14,1,4,2017,1,13,0
14,1,4,2017,1,14,0
14,1,4,2017,1,15,0
15,1,4,2017,1,1,0
15,1,4,2017,1,2,1
15,1,4,2017,1,3,0
15,1,4,2017,1,4,0
15,1,4,2017,1,6,1
15,1,4,2017,1,7,0
15,1,4,2017,1,8,1
15,1,4,2017,1,9,1
15,1,4,2017,1,10,1
15,1,4,2017,1,11,1
15,1,4,2017,1,12,1
15,1,4,2017,1,13,0
15,1,4,2017,1,14,0
15,1,4,2017,1,15,0
16,1,4,2017,1,1,0
16,1,4,2017,1,2,0
16,1,4,2017,1,3,0
16,1,4,2017,1,4,0
16,1,4,2017,1,5,0
16,1,4,2017,1,6,0
16,1,4,2017,1,7,0
16,1,4,2017,1,8,0
16,1,4,2017,1,9,1
16,1,4,2017,1,10,0
16,1,4,2017,1,11,1
16,1,4,2017,1,12,0
16,1,4,2017,1,13,0
16,1,4,2017,1,14,0
16,1,4,2017,1,15,0
17,1,4,2017,1,1,1
17,1,4,2019,1,1,1
17,1,4,2017,1,2,0
17,1,4,2019,1,2,0
17,1,4,2017,1,3,0
17,1,4,2019,1,3,1
17,1,4,2017,1,4,1
17,1,4,2019,1,4,1
17,1,4,2017,1,5,0
17,1,4,2019,1,5,0
17,1,4,2017,1,6,0
17,1,4,2019,1,6,0
17,1,4,2017,1,7,0
17,1,4,2019,1,7,0
17,1,4,2017,1,8,0
17,1,4,2019,1,8,0
17,1,4,2017,1,9,0
17,1,4,2019,1,9,1
17,1,4,2017,1,10,0
17,1,4,2019,1,10,0
17,1,4,2017,1,11,0
17,1,4,2019,1,11,1
17,1,4,2017,1,12,0
17,1,4,2019,1,12,0
17,1,4,2017,1,13,0
17,1,4,2019,1,13,0
17,1,4,2017,1,14,0
17,1,4,2019,1,14,0
17,1,4,2017,1,15,0
17,1,4,2019,1,15,0
18,1,3,2017,1,1,0
18,1,3,2019,1,1,0
18,1,3,2017,1,2,0
18,1,3,2019,1,2,0
18,1,3,2017,1,3,1
18,1,3,2019,1,3,0
18,1,3,2017,1,4,0
18,1,3,2019,1,4,0
18,1,3,2017,1,5,0
18,1,3,2019,1,5,0
18,1,3,2017,1,6,0
18,1,3,2019,1,6,0
18,1,3,2017,1,7,0
18,1,3,2019,1,7,0
18,1,3,2017,1,8,0
18,1,3,2019,1,8,0
18,1,3,2017,1,9,1
18,1,3,2019,1,9,1
18,1,3,2017,1,10,0
18,1,3,2019,1,10,1
18,1,3,2017,1,11,0
18,1,3,2019,1,11,1
18,1,3,2017,1,12,0
18,1,3,2019,1,12,0
18,1,3,2017,1,13,0
18,1,3,2019,1,13,0
18,1,3,2017,1,14,0
18,1,3,2019,1,14,0
18,1,3,2017,1,15,0
18,1,3,2019,1,15,0
19,1,3,2017,1,2,0
19,1,3,2017,1,3,0
19,1,3,2017,1,4,0
19,1,3,2017,1,5,0
19,1,3,2017,1,6,0
19,1,3,2017,1,7,0
19,1,3,2017,1,8,0
19,1,3,2017,1,9,0
19,1,3,2017,1,10,0
19,1,3,2017,1,11,0
19,1,3,2017,1,12,0
19,1,3,2017,1,13,0
19,1,3,2017,1,14,0
19,1,3,2017,1,15,0
20,1,3,2017,1,1,0
20,1,3,2017,1,2,0
20,1,3,2017,1,3,0
20,1,3,2017,1,5,0
20,1,3,2017,1,6,0
20,1,3,2017,1,7,0
20,1,3,2017,1,8,0
20,1,3,2017,1,9,0
20,1,3,2017,1,10,0
20,1,3,2017,1,11,1
20,1,3,2017,1,12,1
20,1,3,2017,1,13,0
20,1,3,2017,1,14,0
20,1,3,2017,1,15,0
21,1,3,2017,1,1,0
21,1,3,2019,1,1,0
21,1,3,2017,1,2,0
21,1,3,2019,1,2,0
21,1,3,2017,1,3,0
21,1,3,2019,1,3,0
21,1,3,2017,1,4,0
21,1,3,2019,1,4,0
21,1,3,2017,1,5,1
21,1,3,2019,1,5,0
21,1,3,2017,1,6,1
21,1,3,2019,1,6,0
21,1,3,2017,1,7,0
21,1,3,2019,1,7,0
21,1,3,2017,1,8,0
21,1,3,2019,1,8,0
21,1,3,2017,1,9,0
21,1,3,2019,1,9,0
21,1,3,2017,1,10,0
21,1,3,2019,1,10,0
21,1,3,2017,1,11,1
21,1,3,2019,1,11,1
21,1,3,2017,1,12,0
21,1,3,2019,1,12,0
21,1,3,2017,1,13,1
21,1,3,2019,1,13,0
21,1,3,2017,1,14,0
21,1,3,2019,1,14,0
21,1,3,2017,1,15,0
21,1,3,2019,1,15,0
22,1,3,2017,1,1,0
22,1,3,2017,1,2,0
22,1,3,2017,1,4,0
22,1,3,2017,1,5,0
22,1,3,2017,1,6,0
22,1,3,2017,1,7,0
22,1,3,2017,1,8,0
22,1,3,2017,1,9,0
22,1,3,2017,1,10,0
22,1,3,2017,1,11,0
22,1,3,2017,1,12,0
22,1,3,2017,1,13,1
22,1,3,2017,1,14,0
22,1,3,2017,1,15,0
23,1,3,2017,1,1,0
23,1,3,2017,1,2,0
23,1,3,2017,1,3,0
23,1,3,2017,1,4,0
23,1,3,2017,1,5,1
23,1,3,2017,1,6,0
23,1,3,2017,1,7,0
23,1,3,2017,1,8,1
23,1,3,2017,1,9,0
23,1,3,2017,1,10,0
23,1,3,2017,1,11,1
23,1,3,2017,1,12,0
23,1,3,2017,1,13,1
23,1,3,2017,1,14,0
23,1,3,2017,1,15,0
24,1,3,2017,1,1,0
24,1,3,2017,1,2,0
24,1,3,2017,1,3,0
24,1,3,2017,1,4,0
24,1,3,2017,1,5,1
24,1,3,2017,1,6,0
24,1,3,2017,1,7,0
24,1,3,2017,1,8,1
24,1,3,2017,1,9,0
24,1,3,2017,1,10,0
24,1,3,2017,1,11,1
24,1,3,2017,1,13,1
24,1,3,2017,1,14,0
24,1,3,2017,1,15,0
25,1,3,2017,1,1,1
25,1,3,2017,1,2,0
25,1,3,2017,1,3,0
25,1,3,2017,1,4,0
25,1,3,2017,1,5,0
25,1,3,2017,1,6,1
25,1,3,2017,1,7,0
25,1,3,2017,1,8,0
25,1,3,2017,1,9,0
25,1,3,2017,1,10,0
25,1,3,2017,1,11,0
25,1,3,2017,1,12,0
25,1,3,2017,1,13,0
25,1,3,2017,1,14,0
25,1,3,2017,1,15,0
26,1,1,2017,1,1,0
26,1,1,2017,1,2,1
26,1,1,2017,1,3,0
26,1,1,2017,1,4,0
26,1,1,2017,1,5,0
26,1,1,2017,1,6,1
26,1,1,2017,1,7,0
26,1,1,2017,1,8,0
26,1,1,2017,1,9,0
26,1,1,2017,1,10,0
26,1,1,2017,1,11,0
26,1,1,2017,1,12,0
26,1,1,2017,1,13,0
26,1,1,2017,1,14,0
26,1,1,2017,1,15,0
27,1,1,2017,1,2,0
27,1,1,2017,1,3,0
27,1,1,2017,1,4,0
27,1,1,2017,1,5,0
27,1,1,2017,1,6,0
27,1,1,2017,1,7,0
27,1,1,2017,1,8,0
27,1,1,2017,1,9,0
27,1,1,2017,1,10,0
27,1,1,2017,1,11,0
27,1,1,2017,1,12,1
27,1,1,2017,1,13,0
27,1,1,2017,1,14,0
27,1,1,2017,1,15,0
28,1,1,2017,1,2,0
28,1,1,2017,1,3,0
28,1,1,2017,1,4,0
28,1,1,2017,1,5,0
28,1,1,2017,1,6,0
28,1,1,2017,1,7,1
28,1,1,2017,1,8,1
28,1,1,2017,1,9,0
28,1,1,2017,1,10,0
28,1,1,2017,1,11,0
28,1,1,2017,1,12,0
28,1,1,2017,1,13,0
28,1,1,2017,1,14,0
28,1,1,2017,1,15,0
29,1,1,2017,1,1,0
29,1,1,2017,1,4,0
29,1,1,2017,1,5,0
29,1,1,2017,1,6,1
29,1,1,2017,1,7,0
29,1,1,2017,1,8,1
29,1,1,2017,1,9,1
29,1,1,2017,1,10,0
29,1,1,2017,1,12,0
29,1,1,2017,1,13,0
29,1,1,2017,1,14,0
29,1,1,2017,1,15,0
30,1,1,2017,1,2,0
30,1,1,2017,1,3,1
30,1,1,2017,1,4,0
30,1,1,2017,1,5,0
30,1,1,2017,1,6,1
30,1,1,2017,1,7,0
30,1,1,2017,1,8,0
30,1,1,2017,1,9,0
30,1,1,2017,1,11,1
30,1,1,2017,1,12,0
30,1,1,2017,1,13,0
30,1,1,2017,1,14,0
30,1,1,2017,1,15,0
31,2,2,2017,1,1,0
31,2,2,2017,1,2,1
31,2,2,2017,1,3,0
31,2,2,2017,1,4,0
31,2,2,2017,1,5,1
31,2,2,2017,1,6,1
31,2,2,2017,1,7,0
31,2,2,2017,1,8,1
31,2,2,2017,1,9,1
31,2,2,2017,1,10,0
31,2,2,2017,1,11,1
31,2,2,2017,1,12,1
31,2,2,2017,1,13,1
31,2,2,2017,1,14,0
31,2,2,2017,1,15,0
32,2,2,2017,1,1,0
32,2,2,2017,1,2,1
32,2,2,2017,1,3,0
32,2,2,2017,1,4,0
32,2,2,2017,1,5,0
32,2,2,2017,1,6,1
32,2,2,2017,1,7,1
32,2,2,2017,1,8,1
32,2,2,2017,1,9,1
32,2,2,2017,1,10,1
32,2,2,2017,1,11,1
32,2,2,2017,1,12,1
32,2,2,2017,1,14,0
32,2,2,2017,1,15,1
33,2,2,2017,1,1,0
33,2,2,2019,3,1,0
33,2,2,2017,1,2,1
33,2,2,2019,3,2,1
33,2,2,2017,1,3,0
33,2,2,2019,3,3,0
33,2,2,2017,1,4,0
33,2,2,2019,3,4,1
33,2,2,2017,1,5,1
33,2,2,2019,3,5,0
33,2,2,2017,1,6,1
33,2,2,2019,3,6,0
33,2,2,2017,1,7,1
33,2,2,2019,3,7,1
33,2,2,2017,1,8,1
33,2,2,2019,3,8,1
33,2,2,2017,1,9,1
33,2,2,2019,3,9,0
33,2,2,2017,1,10,0
33,2,2,2019,3,10,1
33,2,2,2017,1,11,1
33,2,2,2019,3,11,0
33,2,2,2017,1,12,0
33,2,2,2019,3,12,1
33,2,2,2017,1,13,1
33,2,2,2019,3,13,0
33,2,2,2017,1,14,0
33,2,2,2019,3,14,0
33,2,2,2017,1,15,0
33,2,2,2019,3,15,0
34,2,2,2017,1,1,0
34,2,2,2017,1,2,1
34,2,2,2017,1,3,1
34,2,2,2017,1,4,0
34,2,2,2017,1,5,0
34,2,2,2017,1,6,1
34,2,2,2017,1,7,1
34,2,2,2017,1,8,0
34,2,2,2017,1,9,1
34,2,2,2017,1,10,0
34,2,2,2017,1,11,1
34,2,2,2017,1,12,0
34,2,2,2017,1,13,0
34,2,2,2017,1,14,0
34,2,2,2017,1,15,0
35,2,2,2017,1,1,0
35,2,2,2017,1,2,1
35,2,2,2017,1,4,1
35,2,2,2017,1,5,1
35,2,2,2017,1,6,1
35,2,2,2017,1,7,1
35,2,2,2017,1,8,1
35,2,2,2017,1,9,1
35,2,2,2017,1,10,0
35,2,2,2017,1,11,1
35,2,2,2017,1,12,1
35,2,2,2017,1,13,1
35,2,2,2017,1,14,0
35,2,2,2017,1,15,0
36,2,2,2017,1,1,0
36,2,2,2017,1,2,1
36,2,2,2017,1,3,0
36,2,2,2017,1,4,0
36,2,2,2017,1,5,1
36,2,2,2017,1,6,1
36,2,2,2017,1,7,1
36,2,2,2017,1,8,1
36,2,2,2017,1,9,1
36,2,2,2017,1,10,1
36,2,2,2017,1,11,1
36,2,2,2017,1,12,1
36,2,2,2017,1,13,1
36,2,2,2017,1,14,0
36,2,2,2017,1,15,1
37,2,2,2017,2,1,0
37,2,2,2017,2,2,1
37,2,2,2017,2,3,0
37,2,2,2017,2,4,0
37,2,2,2017,2,6,1
37,2,2,2017,2,7,0
37,2,2,2017,2,8,1
37,2,2,2017,2,9,1
37,2,2,2017,2,10,0
37,2,2,2017,2,11,1
37,2,2,2017,2,12,0
37,2,2,2017,2,13,1
37,2,2,2017,2,14,0
37,2,2,2017,2,15,0
38,2,2,2017,2,1,1
38,2,2,2017,2,2,1
38,2,2,2017,2,3,0
38,2,2,2017,2,4,0
38,2,2,2017,2,6,1
38,2,2,2017,2,7,0
38,2,2,2017,2,8,1
38,2,2,2017,2,9,1
38,2,2,2017,2,10,0
38,2,2,2017,2,11,1
38,2,2,2017,2,12,1
38,2,2,2017,2,13,0
38,2,2,2017,2,14,0
38,2,2,2017,2,15,0
39,2,2,2017,2,1,0
39,2,2,2017,2,2,1
39,2,2,2017,2,3,0
39,2,2,2017,2,4,0
39,2,2,2017,2,5,0
39,2,2,2017,2,6,1
39,2,2,2017,2,7,1
39,2,2,2017,2,8,1
39,2,2,2017,2,10,0
39,2,2,2017,2,11,1
39,2,2,2017,2,12,0
39,2,2,2017,2,13,1
39,2,2,2017,2,14,1
39,2,2,2017,2,15,0
40,2,2,2017,2,1,0
40,2,2,2017,2,2,1
40,2,2,2017,2,3,0
40,2,2,2017,2,4,0
40,2,2,2017,2,5,0
40,2,2,2017,2,6,1
40,2,2,2017,2,7,0
40,2,2,2017,2,8,1
40,2,2,2017,2,9,1
40,2,2,2017,2,10,0
40,2,2,2017,2,11,1
40,2,2,2017,2,12,1
40,2,2,2017,2,13,1
40,2,2,2017,2,14,0
40,2,2,2017,2,15,0
41,2,2,2017,2,1,0
41,2,2,2017,2,2,1
41,2,2,2019,3,2,1
41,2,2,2017,2,3,1
41,2,2,2019,3,3,1
41,2,2,2017,2,4,0
41,2,2,2019,3,4,0
41,2,2,2017,2,5,0
41,2,2,2019,3,5,1
41,2,2,2017,2,6,1
41,2,2,2019,3,6,1
41,2,2,2017,2,7,1
41,2,2,2019,3,7,1
41,2,2,2017,2,8,1
41,2,2,2019,3,8,0
41,2,2,2017,2,9,1
41,2,2,2019,3,9,0
41,2,2,2017,2,10,1
41,2,2,2019,3,10,1
41,2,2,2017,2,11,1
41,2,2,2019,3,11,1
41,2,2,2017,2,12,1
41,2,2,2019,3,12,1
41,2,2,2017,2,13,0
41,2,2,2019,3,13,0
41,2,2,2017,2,14,0
41,2,2,2019,3,14,0
41,2,2,2017,2,15,0
41,2,2,2019,3,15,1
42,2,2,2017,2,1,0
42,2,2,2017,2,2,1
42,2,2,2017,2,3,0
42,2,2,2017,2,4,0
42,2,2,2017,2,5,1
42,2,2,2017,2,6,1
42,2,2,2017,2,7,1
42,2,2,2017,2,8,1
42,2,2,2017,2,9,1
42,2,2,2017,2,10,0
42,2,2,2017,2,11,1
42,2,2,2017,2,12,1
42,2,2,2017,2,13,1
42,2,2,2017,2,14,0
42,2,2,2017,2,15,0
43,2,2,2017,2,1,0
43,2,2,2017,2,2,1
43,2,2,2017,2,3,0
43,2,2,2017,2,4,0
43,2,2,2017,2,5,0
43,2,2,2017,2,6,0
43,2,2,2017,2,7,1
43,2,2,2017,2,9,1
43,2,2,2017,2,10,0
43,2,2,2017,2,11,1
43,2,2,2017,2,12,1
43,2,2,2017,2,13,1
43,2,2,2017,2,14,0
43,2,2,2017,2,15,0
44,2,2,2017,2,1,0
44,2,2,2019,4,1,0
44,2,2,2017,2,2,1
44,2,2,2019,4,2,1
44,2,2,2017,2,3,0
44,2,2,2019,4,3,0
44,2,2,2017,2,4,0
44,2,2,2019,4,4,1
44,2,2,2017,2,5,0
44,2,2,2019,4,5,0
44,2,2,2017,2,6,1
44,2,2,2019,4,6,1
44,2,2,2017,2,7,1
44,2,2,2019,4,7,0
44,2,2,2017,2,8,1
44,2,2,2019,4,8,1
44,2,2,2017,2,9,1
44,2,2,2019,4,9,0
44,2,2,2017,2,10,0
44,2,2,2019,4,10,0
44,2,2,2017,2,11,1
44,2,2,2019,4,11,1
44,2,2,2017,2,12,1
44,2,2,2019,4,12,1
44,2,2,2017,2,13,0
44,2,2,2019,4,13,0
44,2,2,2017,2,14,0
44,2,2,2019,4,14,0
44,2,2,2017,2,15,0
44,2,2,2019,4,15,1
45,2,2,2017,3,1,0
45,2,2,2019,5,1,0
45,2,2,2017,3,2,1
45,2,2,2019,5,2,1
45,2,2,2017,3,3,0
45,2,2,2019,5,3,1
45,2,2,2017,3,4,0
45,2,2,2019,5,4,0
45,2,2,2017,3,5,0
45,2,2,2019,5,5,0
45,2,2,2017,3,6,1
45,2,2,2019,5,6,1
45,2,2,2017,3,7,1
45,2,2,2019,5,7,1
45,2,2,2017,3,8,1
45,2,2,2019,5,8,1
45,2,2,2017,3,9,0
45,2,2,2019,5,9,0
45,2,2,2017,3,10,1
45,2,2,2019,5,10,1
45,2,2,2017,3,11,1
45,2,2,2019,5,11,1
45,2,2,2017,3,12,0
45,2,2,2019,5,12,0
45,2,2,2017,3,13,1
45,2,2,2019,5,13,0
45,2,2,2017,3,14,0
45,2,2,2019,5,14,0
45,2,2,2017,3,15,0
45,2,2,2019,5,15,0
46,2,2,2017,3,1,0
46,2,2,2017,3,2,1
46,2,2,2019,5,2,1
46,2,2,2019,5,3,1
46,2,2,2017,3,4,0
46,2,2,2019,5,4,0
46,2,2,2017,3,5,1
46,2,2,2019,5,5,0
46,2,2,2017,3,6,1
46,2,2,2019,5,6,1
46,2,2,2017,3,7,1
46,2,2,2019,5,7,1
46,2,2,2017,3,8,1
46,2,2,2019,5,8,1
46,2,2,2017,3,9,1
46,2,2,2019,5,9,0
46,2,2,2017,3,10,0
46,2,2,2019,5,10,1
46,2,2,2017,3,11,1
46,2,2,2019,5,11,1
46,2,2,2017,3,12,1
46,2,2,2019,5,12,1
46,2,2,2017,3,13,1
46,2,2,2019,5,13,0
46,2,2,2017,3,14,0
46,2,2,2019,5,14,0
46,2,2,2017,3,15,1
46,2,2,2019,5,15,1
47,2,2,2017,3,1,1
47,2,2,2017,3,2,1
47,2,2,2017,3,3,1
47,2,2,2017,3,4,0
47,2,2,2017,3,5,1
47,2,2,2017,3,6,0
47,2,2,2017,3,7,1
47,2,2,2017,3,8,1
47,2,2,2017,3,9,0
47,2,2,2017,3,10,0
47,2,2,2017,3,11,1
47,2,2,2017,3,12,0
47,2,2,2017,3,13,1
47,2,2,2017,3,14,0
47,2,2,2017,3,15,1
48,2,2,2017,3,1,0
48,2,2,2019,5,1,0
48,2,2,2017,3,2,1
48,2,2,2019,5,2,1
48,2,2,2017,3,3,1
48,2,2,2019,5,3,1
48,2,2,2017,3,4,1
48,2,2,2019,5,4,0
48,2,2,2017,3,5,0
48,2,2,2019,5,5,1
48,2,2,2017,3,6,1
48,2,2,2019,5,6,1
48,2,2,2017,3,7,1
48,2,2,2019,5,7,1
48,2,2,2019,5,8,0
48,2,2,2017,3,9,0
48,2,2,2019,5,9,1
48,2,2,2017,3,10,0
48,2,2,2019,5,10,1
48,2,2,2017,3,11,1
48,2,2,2019,5,11,1
48,2,2,2017,3,12,1
48,2,2,2019,5,12,1
48,2,2,2017,3,13,0
48,2,2,2019,5,13,0
48,2,2,2017,3,14,0
48,2,2,2019,5,14,0
48,2,2,2017,3,15,0
48,2,2,2019,5,15,0
49,2,2,2017,5,1,0
49,2,2,2017,5,2,1
49,2,2,2017,5,3,0
49,2,2,2017,5,4,0
49,2,2,2017,5,5,0
49,2,2,2017,5,6,0
49,2,2,2017,5,7,1
49,2,2,2017,5,8,1
49,2,2,2017,5,9,1
49,2,2,2017,5,10,0
49,2,2,2017,5,11,1
49,2,2,2017,5,12,0
49,2,2,2017,5,13,1
49,2,2,2017,5,14,0
49,2,2,2017,5,15,1
50,2,2,2017,5,1,0
50,2,2,2017,5,2,1
50,2,2,2017,5,3,1
50,2,2,2017,5,4,0
50,2,2,2017,5,5,1
50,2,2,2017,5,6,1
50,2,2,2017,5,7,1
50,2,2,2017,5,8,0
50,2,2,2017,5,9,1
50,2,2,2017,5,10,0
50,2,2,2017,5,11,1
50,2,2,2017,5,12,1
50,2,2,2017,5,13,1
50,2,2,2017,5,14,1
50,2,2,2017,5,15,0
51,2,2,2017,5,1,0
51,2,2,2017,5,4,0
51,2,2,2017,5,5,0
51,2,2,2017,5,6,1
51,2,2,2017,5,7,0
51,2,2,2017,5,8,1
51,2,2,2017,5,10,0
51,2,2,2017,5,11,1
51,2,2,2017,5,12,1
51,2,2,2017,5,13,0
51,2,2,2017,5,14,0
51,2,2,2017,5,15,0
52,2,4,2017,1,1,1
52,2,4,2019,3,1,0
52,2,4,2017,1,2,1
52,2,4,2019,3,2,1
52,2,4,2019,3,3,0
52,2,4,2017,1,4,1
52,2,4,2019,3,4,0
52,2,4,2017,1,5,1
52,2,4,2019,3,5,1
52,2,4,2017,1,6,0
52,2,4,2019,3,6,0
52,2,4,2017,1,7,1
52,2,4,2019,3,7,1
52,2,4,2017,1,8,1
52,2,4,2019,3,8,1
52,2,4,2017,1,9,1
52,2,4,2019,3,9,1
52,2,4,2017,1,10,0
52,2,4,2019,3,10,1
52,2,4,2017,1,11,1
52,2,4,2019,3,11,1
52,2,4,2017,1,12,0
52,2,4,2019,3,12,1
52,2,4,2017,1,13,1
52,2,4,2019,3,13,0
52,2,4,2017,1,14,1
52,2,4,2019,3,14,0
52,2,4,2017,1,15,0
52,2,4,2019,3,15,0
53,2,4,2017,1,1,0
53,2,4,2019,3,1,0
53,2,4,2017,1,2,1
53,2,4,2019,3,2,1
53,2,4,2019,3,3,1
53,2,4,2017,1,4,0
53,2,4,2019,3,4,0
53,2,4,2017,1,5,0
53,2,4,2019,3,5,0
53,2,4,2017,1,6,1
53,2,4,2019,3,6,1
53,2,4,2017,1,7,1
53,2,4,2019,3,7,1
53,2,4,2017,1,8,1
53,2,4,2019,3,8,1
53,2,4,2017,1,9,0
53,2,4,2019,3,9,1
53,2,4,2017,1,10,0
53,2,4,2019,3,10,0
53,2,4,2017,1,11,1
53,2,4,2019,3,11,1
53,2,4,2017,1,12,0
53,2,4,2019,3,12,1
53,2,4,2017,1,13,1
53,2,4,2019,3,13,0
53,2,4,2017,1,14,1
53,2,4,2019,3,14,0
53,2,4,2017,1,15,0
54,2,4,2017,1,1,0
54,2,4,2019,5,1,0
54,2,4,2017,1,2,1
54,2,4,2019,5,2,1
54,2,4,2017,1,3,1
54,2,4,2019,5,3,1
54,2,4,2017,1,4,1
54,2,4,2019,5,4,0
54,2,4,2017,1,5,1
54,2,4,2019,5,5,0
54,2,4,2017,1,6,1
54,2,4,2019,5,6,1
54,2,4,2017,1,7,1
54,2,4,2019,5,7,1
54,2,4,2017,1,8,1
54,2,4,2017,1,9,1
54,2,4,2019,5,9,0
54,2,4,2017,1,10,0
54,2,4,2019,5,10,0
54,2,4,2017,1,11,1
54,2,4,2019,5,11,1
54,2,4,2017,1,12,0
54,2,4,2019,5,12,0
54,2,4,2017,1,13,0
54,2,4,2019,5,13,0
54,2,4,2017,1,14,1
54,2,4,2019,5,14,1
54,2,4,2017,1,15,0
54,2,4,2019,5,15,0
55,2,4,2017,1,1,0
55,2,4,2017,1,2,1
55,2,4,2017,1,3,0
55,2,4,2017,1,4,1
55,2,4,2017,1,5,1
55,2,4,2017,1,6,1
55,2,4,2017,1,7,0
55,2,4,2017,1,8,1
55,2,4,2017,1,9,1
55,2,4,2017,1,10,0
55,2,4,2017,1,11,1
55,2,4,2017,1,12,0
55,2,4,2017,1,13,0
55,2,4,2017,1,14,1
55,2,4,2017,1,15,0
56,2,4,2017,2,1,0
56,2,4,2019,4,1,0
56,2,4,2017,2,2,1
56,2,4,2019,4,2,1
56,2,4,2017,2,3,1
56,2,4,2019,4,3,1
56,2,4,2019,4,4,0
56,2,4,2017,2,5,1
56,2,4,2019,4,5,1
56,2,4,2017,2,6,1
56,2,4,2019,4,6,0
56,2,4,2017,2,7,0
56,2,4,2019,4,7,1
56,2,4,2019,4,8,0
56,2,4,2017,2,9,0
56,2,4,2019,4,9,0
56,2,4,2017,2,10,0
56,2,4,2019,4,10,0
56,2,4,2017,2,11,1
56,2,4,2019,4,11,1
56,2,4,2017,2,12,0
56,2,4,2019,4,12,0
56,2,4,2017,2,13,0
56,2,4,2019,4,13,0
56,2,4,2017,2,14,0
56,2,4,2019,4,14,1
56,2,4,2017,2,15,0
56,2,4,2019,4,15,0
57,2,4,2017,3,1,0
57,2,4,2019,5,1,0
57,2,4,2017,3,2,1
57,2,4,2019,5,2,1
57,2,4,2019,5,3,0
57,2,4,2017,3,4,1
57,2,4,2019,5,4,0
57,2,4,2017,3,5,0
57,2,4,2019,5,5,1
57,2,4,2017,3,6,0
57,2,4,2019,5,6,0
57,2,4,2017,3,7,1
57,2,4,2019,5,7,1
57,2,4,2017,3,8,1
57,2,4,2019,5,8,1
57,2,4,2017,3,9,0
57,2,4,2019,5,9,0
57,2,4,2017,3,10,1
57,2,4,2019,5,10,1
57,2,4,2017,3,11,1
57,2,4,2019,5,11,1
57,2,4,2017,3,12,0
57,2,4,2019,5,12,0
57,2,4,2017,3,13,1
57,2,4,2019,5,13,0
57,2,4,2017,3,14,0
57,2,4,2019,5,14,0
57,2,4,2017,3,15,0
57,2,4,2019,5,15,0
58,2,4,2017,3,1,0
58,2,4,2019,5,1,0
58,2,4,2017,3,2,1
58,2,4,2019,5,2,1
58,2,4,2017,3,3,0
58,2,4,2019,5,3,0
58,2,4,2017,3,4,1
58,2,4,2019,5,4,0
58,2,4,2017,3,5,0
58,2,4,2019,5,5,0
58,2,4,2017,3,6,1
58,2,4,2019,5,6,0
58,2,4,2017,3,7,1
58,2,4,2019,5,7,1
58,2,4,2017,3,8,1
58,2,4,2019,5,8,1
58,2,4,2017,3,9,1
58,2,4,2019,5,9,0
58,2,4,2017,3,10,0
58,2,4,2019,5,10,0
58,2,4,2017,3,11,0
58,2,4,2019,5,11,1
58,2,4,2017,3,12,0
58,2,4,2019,5,12,0
58,2,4,2017,3,13,0
58,2,4,2019,5,13,0
58,2,4,2017,3,14,1
58,2,4,2019,5,14,0
58,2,4,2017,3,15,0
58,2,4,2019,5,15,0
59,2,4,2017,5,1,1
59,2,4,2017,5,2,1
59,2,4,2017,5,5,0
59,2,4,2017,5,6,0
59,2,4,2017,5,7,1
59,2,4,2017,5,8,1
59,2,4,2017,5,9,1
59,2,4,2017,5,10,0
59,2,4,2017,5,11,1
59,2,4,2017,5,12,0
59,2,4,2017,5,13,0
59,2,4,2017,5,14,0
59,2,4,2017,5,15,0
60,2,4,2017,5,1,0
60,2,4,2017,5,2,1
60,2,4,2017,5,3,0
60,2,4,2017,5,4,1
60,2,4,2017,5,5,1
60,2,4,2017,5,6,1
60,2,4,2017,5,7,0
60,2,4,2017,5,8,0
60,2,4,2017,5,9,0
60,2,4,2017,5,10,1
60,2,4,2017,5,11,0
60,2,4,2017,5,12,0
60,2,4,2017,5,13,0
60,2,4,2017,5,14,0
60,2,4,2017,5,15,0
61,2,4,2017,5,2,1
61,2,4,2017,5,3,0
61,2,4,2017,5,4,0
61,2,4,2017,5,5,0
61,2,4,2017,5,6,1
61,2,4,2017,5,7,1
61,2,4,2017,5,8,1
61,2,4,2017,5,9,0
61,2,4,2017,5,10,0
61,2,4,2017,5,11,1
61,2,4,2017,5,12,0
61,2,4,2017,5,13,0
61,2,4,2017,5,14,0
61,2,4,2017,5,15,0
62,2,3,2019,1,2,1
62,2,3,2019,1,3,1
62,2,3,2019,1,4,0
62,2,3,2019,1,5,0
62,2,3,2019,1,6,1
62,2,3,2019,1,7,0
62,2,3,2019,1,8,1
62,2,3,2019,1,9,0
62,2,3,2019,1,10,0
62,2,3,2019,1,11,1
62,2,3,2019,1,12,0
62,2,3,2019,1,13,0
62,2,3,2019,1,14,0
62,2,3,2019,1,15,0
63,2,3,2017,1,1,0
63,2,3,2017,1,2,1
63,2,3,2017,1,3,0
63,2,3,2017,1,4,0
63,2,3,2017,1,5,1
63,2,3,2017,1,6,1
63,2,3,2017,1,7,0
63,2,3,2017,1,8,1
63,2,3,2017,1,9,0
63,2,3,2017,1,10,0
63,2,3,2017,1,11,1
63,2,3,2017,1,12,1
63,2,3,2017,1,14,1
63,2,3,2017,1,15,0
64,2,3,2017,1,1,0
64,2,1,2019,3,1,0
64,2,3,2017,1,2,1
64,2,1,2019,3,2,1
64,2,3,2017,1,3,1
64,2,1,2019,3,3,1
64,2,3,2017,1,4,0
64,2,1,2019,3,4,1
64,2,3,2017,1,5,0
64,2,1,2019,3,5,0
64,2,3,2017,1,6,1
64,2,1,2019,3,6,1
64,2,3,2017,1,7,0
64,2,1,2019,3,7,0
64,2,3,2017,1,8,1
64,2,1,2019,3,8,1
64,2,3,2017,1,9,0
64,2,1,2019,3,9,0
64,2,3,2017,1,10,0
64,2,1,2019,3,10,0
64,2,3,2017,1,11,1
64,2,1,2019,3,11,1
64,2,3,2017,1,12,0
64,2,1,2019,3,12,0
64,2,3,2017,1,13,1
64,2,1,2019,3,13,0
64,2,3,2017,1,14,1
64,2,1,2019,3,14,0
64,2,3,2017,1,15,0
64,2,1,2019,3,15,0
65,2,3,2017,3,1,0
65,2,3,2019,5,1,0
65,2,3,2017,3,2,1
65,2,3,2019,5,2,1
65,2,3,2017,3,3,1
65,2,3,2019,5,3,1
65,2,3,2017,3,4,0
65,2,3,2019,5,4,0
65,2,3,2017,3,5,1
65,2,3,2019,5,5,0
65,2,3,2017,3,6,1
65,2,3,2019,5,6,0
65,2,3,2017,3,7,1
65,2,3,2019,5,7,1
65,2,3,2019,5,8,1
65,2,3,2017,3,9,1
65,2,3,2019,5,9,0
65,2,3,2017,3,10,0
65,2,3,2019,5,10,0
65,2,3,2017,3,11,1
65,2,3,2019,5,11,1
65,2,3,2017,3,12,0
65,2,3,2019,5,12,0
65,2,3,2017,3,13,0
65,2,3,2019,5,13,1
65,2,3,2017,3,14,1
65,2,3,2019,5,14,0
65,2,3,2017,3,15,0
65,2,3,2019,5,15,0
66,2,3,2017,3,1,1
66,2,2,2019,4,2,1
66,2,3,2017,3,2,1
66,2,2,2019,4,3,1
66,2,3,2017,3,3,1
66,2,2,2019,4,4,1
66,2,3,2017,3,4,0
66,2,2,2019,4,5,0
66,2,3,2017,3,5,0
66,2,2,2019,4,6,1
66,2,3,2017,3,6,1
66,2,2,2019,4,7,0
66,2,3,2017,3,7,0
66,2,2,2019,4,8,1
66,2,3,2017,3,8,1
66,2,2,2019,4,9,1
66,2,3,2017,3,9,1
66,2,2,2019,4,10,0
66,2,3,2017,3,10,1
66,2,2,2019,4,11,1
66,2,3,2017,3,11,1
66,2,2,2019,4,12,0
66,2,3,2017,3,12,1
66,2,2,2019,4,13,0
66,2,3,2017,3,13,0
66,2,2,2019,4,14,0
66,2,3,2017,3,14,0
66,2,2,2019,4,15,0
66,2,3,2017,3,15,0
67,2,3,2017,4,1,1
67,2,3,2017,4,2,1
67,2,3,2017,4,3,0
67,2,3,2017,4,4,0
67,2,3,2017,4,5,0
67,2,3,2017,4,6,1
67,2,3,2017,4,7,0
67,2,3,2017,4,8,1
67,2,3,2017,4,9,1
67,2,3,2017,4,10,0
67,2,3,2017,4,11,1
67,2,3,2017,4,12,1
67,2,3,2017,4,13,0
67,2,3,2017,4,14,0
67,2,3,2017,4,15,0
68,2,3,2017,4,1,1
68,2,3,2017,4,2,1
68,2,3,2017,4,3,0
68,2,3,2017,4,4,0
68,2,3,2017,4,5,0
68,2,3,2017,4,6,1
68,2,3,2017,4,7,1
68,2,3,2017,4,8,0
68,2,3,2017,4,9,0
68,2,3,2017,4,10,0
68,2,3,2017,4,11,1
68,2,3,2017,4,12,1
68,2,3,2017,4,13,0
68,2,3,2017,4,14,0
68,2,3,2017,4,15,0
69,2,3,2017,5,1,1
69,2,3,2017,5,2,1
69,2,3,2017,5,3,1
69,2,3,2017,5,4,0
69,2,3,2017,5,5,1
69,2,3,2017,5,6,1
69,2,3,2017,5,7,1
69,2,3,2017,5,8,1
69,2,3,2017,5,9,1
69,2,3,2017,5,10,0
69,2,3,2017,5,11,1
69,2,3,2017,5,12,0
69,2,3,2017,5,13,0
69,2,3,2017,5,14,0
69,2,3,2017,5,15,0
70,2,3,2017,5,1,1
70,2,3,2017,5,2,1
70,2,3,2017,5,3,1
70,2,3,2017,5,4,0
70,2,3,2017,5,5,0
70,2,3,2017,5,6,1
70,2,3,2017,5,7,1
70,2,3,2017,5,8,1
70,2,3,2017,5,9,1
70,2,3,2017,5,10,0
70,2,3,2017,5,11,1
70,2,3,2017,5,12,0
70,2,3,2017,5,13,0
70,2,3,2017,5,14,0
70,2,3,2017,5,15,0
71,2,1,2019,2,1,1
71,2,1,2019,2,2,1
71,2,1,2019,2,3,1
71,2,1,2019,2,4,0
71,2,1,2019,2,5,0
71,2,1,2019,2,6,0
71,2,1,2019,2,7,0
71,2,1,2019,2,8,1
71,2,1,2019,2,9,0
71,2,1,2019,2,10,0
71,2,1,2019,2,11,0
71,2,1,2019,2,12,1
71,2,1,2019,2,13,1
71,2,1,2019,2,14,1
71,2,1,2019,2,15,0
72,2,1,2019,1,1,1
72,2,1,2019,1,4,0
72,2,1,2019,1,5,0
72,2,1,2019,1,6,1
72,2,1,2019,1,7,1
72,2,1,2019,1,8,1
72,2,1,2019,1,9,1
72,2,1,2019,1,10,1
72,2,1,2019,1,11,0
72,2,1,2019,1,13,1
72,2,1,2019,1,15,0
73,2,1,2017,1,1,1
73,2,1,2017,1,2,1
73,2,1,2017,1,3,0
73,2,1,2017,1,4,0
73,2,1,2017,1,5,1
73,2,1,2017,1,6,1
73,2,1,2017,1,7,0
73,2,1,2017,1,8,1
73,2,1,2017,1,9,0
73,2,1,2017,1,10,0
73,2,1,2017,1,11,1
73,2,1,2017,1,12,0
73,2,1,2017,1,13,1
73,2,1,2017,1,14,0
73,2,1,2017,1,15,0
74,2,1,2017,1,1,0
74,2,1,2017,1,3,1
74,2,1,2017,1,4,0
74,2,1,2017,1,5,1
74,2,1,2017,1,6,1
74,2,1,2017,1,7,0
74,2,1,2017,1,8,1
74,2,1,2017,1,9,1
74,2,1,2017,1,10,0
74,2,1,2017,1,11,1
74,2,1,2017,1,12,0
74,2,1,2017,1,13,1
74,2,1,2017,1,14,0
74,2,1,2017,1,15,0
75,2,1,2017,1,1,0
75,2,1,2019,3,1,0
75,2,1,2017,1,2,1
75,2,1,2019,3,2,1
75,2,1,2017,1,3,0
75,2,1,2019,3,3,0
75,2,1,2017,1,4,0
75,2,1,2019,3,4,1
75,2,1,2017,1,5,1
75,2,1,2019,3,5,0
75,2,1,2017,1,6,1
75,2,1,2019,3,6,1
75,2,1,2017,1,7,1
75,2,1,2019,3,7,0
75,2,1,2017,1,8,0
75,2,1,2019,3,8,1
75,2,1,2017,1,9,1
75,2,1,2019,3,9,1
75,2,1,2017,1,10,0
75,2,1,2019,3,10,0
75,2,1,2017,1,11,1
75,2,1,2019,3,11,1
75,2,1,2017,1,12,1
75,2,1,2019,3,12,0
75,2,1,2017,1,13,1
75,2,1,2019,3,13,0
75,2,1,2017,1,14,0
75,2,1,2019,3,14,1
75,2,1,2017,1,15,0
75,2,1,2019,3,15,1
76,2,1,2017,1,1,1
76,2,1,2019,3,1,0
76,2,1,2017,1,2,1
76,2,1,2019,3,2,1
76,2,1,2017,1,3,1
76,2,1,2019,3,3,1
76,2,1,2017,1,4,0
76,2,1,2019,3,4,0
76,2,1,2017,1,5,0
76,2,1,2019,3,5,0
76,2,1,2017,1,6,1
76,2,1,2019,3,6,1
76,2,1,2017,1,7,0
76,2,1,2019,3,7,1
76,2,1,2017,1,8,1
76,2,1,2019,3,8,1
76,2,1,2017,1,9,1
76,2,1,2019,3,9,1
76,2,1,2017,1,10,0
76,2,1,2019,3,10,0
76,2,1,2017,1,11,1
76,2,1,2019,3,11,1
76,2,1,2017,1,12,0
76,2,1,2019,3,12,0
76,2,1,2017,1,13,1
76,2,1,2019,3,13,1
76,2,1,2017,1,14,1
76,2,1,2019,3,14,1
76,2,1,2017,1,15,0
76,2,1,2019,3,15,0
77,2,1,2017,2,1,0
77,2,1,2017,2,2,1
77,2,1,2017,2,3,1
77,2,1,2017,2,4,0
77,2,1,2017,2,5,1
77,2,1,2017,2,6,1
77,2,1,2017,2,7,0
77,2,1,2017,2,8,1
77,2,1,2017,2,9,0
77,2,1,2017,2,10,1
77,2,1,2017,2,11,1
77,2,1,2017,2,12,0
77,2,1,2017,2,13,1
77,2,1,2017,2,14,0
77,2,1,2017,2,15,1
78,2,1,2019,4,1,0
78,2,1,2017,2,2,1
78,2,1,2019,4,2,1
78,2,1,2017,2,3,1
78,2,1,2019,4,3,0
78,2,1,2017,2,4,0
78,2,1,2019,4,4,0
78,2,1,2017,2,5,0
78,2,1,2019,4,5,0
78,2,1,2017,2,6,1
78,2,1,2019,4,6,1
78,2,1,2017,2,7,0
78,2,1,2019,4,7,0
78,2,1,2017,2,8,1
78,2,1,2019,4,8,1
78,2,1,2017,2,9,0
78,2,1,2019,4,9,0
78,2,1,2017,2,10,1
78,2,1,2019,4,10,1
78,2,1,2017,2,11,1
78,2,1,2019,4,11,1
78,2,1,2017,2,12,0
78,2,1,2019,4,12,0
78,2,1,2017,2,13,0
78,2,1,2019,4,13,0
78,2,1,2017,2,14,1
78,2,1,2019,4,14,0
78,2,1,2017,2,15,0
78,2,1,2019,4,15,0
79,2,1,2017,2,1,1
79,2,1,2017,2,2,1
79,2,1,2017,2,3,1
79,2,1,2017,2,4,0
79,2,1,2017,2,5,0
79,2,1,2017,2,6,1
79,2,1,2017,2,9,1
79,2,1,2017,2,10,1
79,2,1,2017,2,11,1
79,2,1,2017,2,12,0
79,2,1,2017,2,14,1
79,2,1,2017,2,15,0
80,2,1,2017,2,1,0
80,2,1,2019,4,1,0
80,2,1,2017,2,2,1
80,2,1,2019,4,2,1
80,2,1,2017,2,3,0
80,2,1,2019,4,3,1
80,2,1,2017,2,4,0
80,2,1,2019,4,4,0
80,2,1,2017,2,5,0
80,2,1,2019,4,5,1
80,2,1,2017,2,6,1
80,2,1,2019,4,6,1
80,2,1,2017,2,7,0
80,2,1,2019,4,7,0
80,2,1,2017,2,8,1
80,2,1,2019,4,8,1
80,2,1,2017,2,9,1
80,2,1,2019,4,9,0
80,2,1,2017,2,10,0
80,2,1,2017,2,11,1
80,2,1,2017,2,12,1
80,2,1,2019,4,12,1
80,2,1,2017,2,13,1
80,2,1,2019,4,13,1
80,2,1,2017,2,14,1
80,2,1,2019,4,14,0
80,2,1,2017,2,15,0
80,2,1,2019,4,15,0
81,2,1,2017,2,1,1
81,2,1,2019,4,1,0
81,2,1,2017,2,2,1
81,2,1,2019,4,2,1
81,2,1,2017,2,3,1
81,2,1,2019,4,3,1
81,2,1,2017,2,4,0
81,2,1,2019,4,4,0
81,2,1,2017,2,5,0
81,2,1,2019,4,5,0
81,2,1,2017,2,6,1
81,2,1,2019,4,6,1
81,2,1,2017,2,7,1
81,2,1,2019,4,7,1
81,2,1,2017,2,8,1
81,2,1,2019,4,8,1
81,2,1,2017,2,9,0
81,2,1,2019,4,9,0
81,2,1,2017,2,10,0
81,2,1,2019,4,10,1
81,2,1,2017,2,11,1
81,2,1,2019,4,11,1
81,2,1,2017,2,12,1
81,2,1,2019,4,12,0
81,2,1,2017,2,13,1
81,2,1,2019,4,13,0
81,2,1,2017,2,14,1
81,2,1,2019,4,14,1
81,2,1,2017,2,15,0
81,2,1,2019,4,15,0
82,2,1,2017,3,1,1
82,2,1,2019,5,1,1
82,2,1,2017,3,2,1
82,2,1,2019,5,2,1
82,2,1,2017,3,3,0
82,2,1,2019,5,3,1
82,2,1,2017,3,4,0
82,2,1,2019,5,4,1
82,2,1,2017,3,5,0
82,2,1,2019,5,5,0
82,2,1,2017,3,6,1
82,2,1,2019,5,6,1
82,2,1,2017,3,7,1
82,2,1,2019,5,7,1
82,2,1,2017,3,8,1
82,2,1,2019,5,8,1
82,2,1,2017,3,9,0
82,2,1,2019,5,9,0
82,2,1,2017,3,10,1
82,2,1,2019,5,10,0
82,2,1,2017,3,11,1
82,2,1,2019,5,11,1
82,2,1,2017,3,12,0
82,2,1,2019,5,12,0
82,2,1,2017,3,13,1
82,2,1,2019,5,13,0
82,2,1,2017,3,14,1
82,2,1,2019,5,14,0
82,2,1,2017,3,15,0
82,2,1,2019,5,15,0
83,2,1,2019,5,1,1
83,2,1,2017,3,1,0
83,2,1,2019,5,2,0
83,2,1,2017,3,2,1
83,2,1,2019,5,3,0
83,2,1,2017,3,3,0
83,2,1,2019,5,4,0
83,2,1,2017,3,4,0
83,2,1,2019,5,5,0
83,2,1,2017,3,5,0
83,2,1,2019,5,6,0
83,2,1,2017,3,6,1
83,2,1,2019,5,7,0
83,2,1,2017,3,7,0
83,2,1,2019,5,8,1
83,2,1,2017,3,8,1
83,2,1,2019,5,9,1
83,2,1,2017,3,9,0
83,2,1,2019,5,10,0
83,2,1,2017,3,10,1
83,2,1,2019,5,11,0
83,2,1,2017,3,11,0
83,2,1,2019,5,12,1
83,2,1,2017,3,12,0
83,2,1,2019,5,13,0
83,2,1,2017,3,13,1
83,2,1,2019,5,14,1
83,2,1,2017,3,14,1
83,2,1,2017,3,15,0
84,2,1,2017,3,1,0
84,2,1,2017,3,2,1
84,2,1,2017,3,3,1
84,2,1,2017,3,4,0
84,2,1,2017,3,5,0
84,2,1,2017,3,6,1
84,2,1,2017,3,7,0
84,2,1,2017,3,8,1
84,2,1,2017,3,9,0
84,2,1,2017,3,10,1
84,2,1,2017,3,11,1
84,2,1,2017,3,12,1
84,2,1,2017,3,13,0
84,2,1,2017,3,14,0
84,2,1,2017,3,15,0
85,2,1,2017,4,1,0
85,2,1,2017,4,2,1
85,2,1,2017,4,3,1
85,2,1,2017,4,4,1
85,2,1,2017,4,5,1
85,2,1,2017,4,6,1
85,2,1,2017,4,7,1
85,2,1,2017,4,8,1
85,2,1,2017,4,9,0
85,2,1,2017,4,10,0
85,2,1,2017,4,11,1
85,2,1,2017,4,12,0
85,2,1,2017,4,13,1
85,2,1,2017,4,14,0
85,2,1,2017,4,15,0
86,2,1,2017,4,1,1
86,2,1,2017,4,2,1
86,2,1,2017,4,3,1
86,2,1,2017,4,4,0
86,2,1,2017,4,5,0
86,2,1,2017,4,6,1
86,2,1,2017,4,7,1
86,2,1,2017,4,8,1
86,2,1,2017,4,9,1
86,2,1,2017,4,10,0
86,2,1,2017,4,11,1
86,2,1,2017,4,12,0
86,2,1,2017,4,13,0
86,2,1,2017,4,14,1
86,2,1,2017,4,15,0
87,2,1,2017,4,1,0
87,2,1,2017,4,2,1
87,2,1,2017,4,3,0
87,2,1,2017,4,4,0
87,2,1,2017,4,5,1
87,2,1,2017,4,6,0
87,2,1,2017,4,7,1
87,2,1,2017,4,8,1
87,2,1,2017,4,9,1
87,2,1,2017,4,10,0
87,2,1,2017,4,11,1
87,2,1,2017,4,12,0
87,2,1,2017,4,13,1
87,2,1,2017,4,14,1
87,2,1,2017,4,15,0
88,2,1,2017,5,1,0
88,2,1,2017,5,2,1
88,2,1,2017,5,3,0
88,2,1,2017,5,4,0
88,2,1,2017,5,5,0
88,2,1,2017,5,6,1
88,2,1,2017,5,7,1
88,2,1,2017,5,8,1
88,2,1,2017,5,9,0
88,2,1,2017,5,10,0
88,2,1,2017,5,11,0
88,2,1,2017,5,12,1
88,2,1,2017,5,13,1
88,2,1,2017,5,14,0
88,2,1,2017,5,15,0
89,2,1,2017,5,1,1
89,2,1,2017,5,2,1
89,2,1,2017,5,3,0
89,2,1,2017,5,4,0
89,2,1,2017,5,5,0
89,2,1,2017,5,6,0
89,2,1,2017,5,7,1
89,2,1,2017,5,8,0
89,2,1,2017,5,9,1
89,2,1,2017,5,10,0
89,2,1,2017,5,11,0
89,2,1,2017,5,12,0
89,2,1,2017,5,13,1
89,2,1,2017,5,14,0
89,2,1,2017,5,15,0
90,2,1,2017,5,1,0
90,2,1,2017,5,3,0
90,2,1,2017,5,4,0
90,2,1,2017,5,5,1
90,2,1,2017,5,6,0
90,2,1,2017,5,7,1
90,2,1,2017,5,8,1
90,2,1,2017,5,9,1
90,2,1,2017,5,10,0
90,2,1,2017,5,11,1
90,2,1,2017,5,12,0
90,2,1,2017,5,13,0
90,2,1,2017,5,14,1
90,2,1,2017,5,15,0
91,2,1,2019,1,1,1
91,2,1,2019,1,2,1
91,2,1,2019,1,3,1
91,2,1,2019,1,4,1
91,2,1,2019,1,5,0
91,2,1,2019,1,6,1
91,2,1,2019,1,7,1
91,2,1,2019,1,8,1
91,2,1,2019,1,9,1
91,2,1,2019,1,10,1
91,2,1,2019,1,11,1
91,2,1,2019,1,12,0
91,2,1,2019,1,13,0
91,2,1,2019,1,14,1
91,2,1,2019,1,15,0
92,2,1,2019,5,1,0
92,2,1,2019,5,2,1
92,2,1,2019,5,3,1
92,2,1,2019,5,4,0
92,2,1,2019,5,5,0
92,2,1,2019,5,6,1
92,2,1,2019,5,7,1
92,2,1,2019,5,8,0
92,2,1,2019,5,9,1
92,2,1,2019,5,10,0
92,2,1,2019,5,11,1
92,2,1,2019,5,12,1
92,2,1,2019,5,13,1
92,2,1,2019,5,14,0
92,2,1,2019,5,15,0
93,2,1,2019,4,1,1
93,2,1,2019,4,2,0
93,2,1,2019,4,3,1
93,2,1,2019,4,4,0
93,2,1,2019,4,5,0
93,2,1,2019,4,6,1
93,2,1,2019,4,7,0
93,2,1,2019,4,8,1
93,2,1,2019,4,9,1
93,2,1,2019,4,10,0
93,2,1,2019,4,11,1
93,2,1,2019,4,12,0
93,2,1,2019,4,13,0
93,2,1,2019,4,14,1
93,2,1,2019,4,15,0
94,2,2,2019,1,1,0
94,2,2,2019,1,2,1
94,2,2,2019,1,3,1
94,2,2,2019,1,4,0
94,2,2,2019,1,5,1
94,2,2,2019,1,6,1
94,2,2,2019,1,7,1
94,2,2,2019,1,8,1
94,2,2,2019,1,9,1
94,2,2,2019,1,10,1
94,2,2,2019,1,11,1
94,2,2,2019,1,12,0
94,2,2,2019,1,13,1
94,2,2,2019,1,14,0
94,2,2,2019,1,15,0
95,2,2,2019,2,1,0
95,2,2,2019,2,2,1
95,2,2,2019,2,3,1
95,2,2,2019,2,4,0
95,2,2,2019,2,5,0
95,2,2,2019,2,6,0
95,2,2,2019,2,7,1
95,2,2,2019,2,8,1
95,2,2,2019,2,9,0
95,2,2,2019,2,10,1
95,2,2,2019,2,11,1
95,2,2,2019,2,12,1
95,2,2,2019,2,13,0
95,2,2,2019,2,15,0
96,2,2,2019,2,2,1
96,2,2,2019,2,3,1
96,2,2,2019,2,4,0
96,2,2,2019,2,5,1
96,2,2,2019,2,6,1
96,2,2,2019,2,7,0
96,2,2,2019,2,8,1
96,2,2,2019,2,9,1
96,2,2,2019,2,10,1
96,2,2,2019,2,11,1
96,2,2,2019,2,12,0
96,2,2,2019,2,13,0
96,2,2,2019,2,14,1
96,2,2,2019,2,15,0
97,2,2,2019,2,1,0
97,2,2,2019,2,2,1
97,2,2,2019,2,3,1
97,2,2,2019,2,4,0
97,2,2,2019,2,5,0
97,2,2,2019,2,6,1
97,2,2,2019,2,7,0
97,2,2,2019,2,8,1
97,2,2,2019,2,9,1
97,2,2,2019,2,10,1
97,2,2,2019,2,11,1
97,2,2,2019,2,12,0
97,2,2,2019,2,13,0
97,2,2,2019,2,14,1
97,2,2,2019,2,15,0
98,2,2,2019,2,1,0
98,2,2,2019,2,2,1
98,2,2,2019,2,3,1
98,2,2,2019,2,4,0
98,2,2,2019,2,5,1
98,2,2,2019,2,6,1
98,2,2,2019,2,8,1
98,2,2,2019,2,9,1
98,2,2,2019,2,10,0
98,2,2,2019,2,11,1
98,2,2,2019,2,12,0
98,2,2,2019,2,13,0
98,2,2,2019,2,14,0
98,2,2,2019,2,15,0
99,2,2,2019,2,1,0
99,2,2,2019,2,2,1
99,2,2,2019,2,3,1
99,2,2,2019,2,4,0
99,2,2,2019,2,5,0
99,2,2,2019,2,6,1
99,2,2,2019,2,7,0
99,2,2,2019,2,8,1
99,2,2,2019,2,9,1
99,2,2,2019,2,10,0
99,2,2,2019,2,11,1
99,2,2,2019,2,12,0
99,2,2,2019,2,13,0
99,2,2,2019,2,14,0
100,2,2,2019,2,1,0
100,2,2,2019,2,2,1
100,2,2,2019,2,3,1
100,2,2,2019,2,4,0
100,2,2,2019,2,6,1
100,2,2,2019,2,7,1
100,2,2,2019,2,8,1
100,2,2,2019,2,9,1
100,2,2,2019,2,10,0
100,2,2,2019,2,12,0
100,2,2,2019,2,13,0
100,2,2,2019,2,14,1
100,2,2,2019,2,15,0
101,2,2,2019,2,2,1
101,2,2,2019,2,3,1
101,2,2,2019,2,4,0
101,2,2,2019,2,5,0
101,2,2,2019,2,6,0
101,2,2,2019,2,7,1
101,2,2,2019,2,8,1
101,2,2,2019,2,9,1
101,2,2,2019,2,10,0
101,2,2,2019,2,11,1
101,2,2,2019,2,12,1
101,2,2,2019,2,13,0
101,2,2,2019,2,14,0
101,2,2,2019,2,15,0
102,2,2,2019,2,2,1
102,2,2,2019,2,3,1
102,2,2,2019,2,4,0
102,2,2,2019,2,5,1
102,2,2,2019,2,6,1
102,2,2,2019,2,7,1
102,2,2,2019,2,8,1
102,2,2,2019,2,9,1
102,2,2,2019,2,11,1
102,2,2,2019,2,12,1
102,2,2,2019,2,13,0
102,2,2,2019,2,15,1
103,2,2,2019,1,1,0
103,2,2,2019,1,2,1
103,2,2,2019,1,3,1
103,2,2,2019,1,4,0
103,2,2,2019,1,5,1
103,2,2,2019,1,6,0
103,2,2,2019,1,7,1
103,2,2,2019,1,8,1
103,2,2,2019,1,9,1
103,2,2,2019,1,10,1
103,2,2,2019,1,11,1
103,2,2,2019,1,12,1
103,2,2,2019,1,13,0
103,2,2,2019,1,14,0
103,2,2,2019,1,15,0
104,2,4,2019,2,1,1
104,2,4,2019,2,2,1
104,2,4,2019,2,3,1
104,2,4,2019,2,4,1
104,2,4,2019,2,5,0
104,2,4,2019,2,6,0
104,2,4,2019,2,7,1
104,2,4,2019,2,8,1
104,2,4,2019,2,9,0
104,2,4,2019,2,10,1
104,2,4,2019,2,11,1
104,2,4,2019,2,12,0
104,2,4,2019,2,13,0
104,2,4,2019,2,14,1
104,2,4,2019,2,15,0
105,2,4,2019,1,2,1
105,2,4,2019,1,3,1
105,2,4,2019,1,4,0
105,2,4,2019,1,5,0
105,2,4,2019,1,6,1
105,2,4,2019,1,7,1
105,2,4,2019,1,8,1
105,2,4,2019,1,9,0
105,2,4,2019,1,10,0
105,2,4,2019,1,12,0
105,2,4,2019,1,13,0
106,2,4,2019,1,1,0
106,2,4,2019,1,2,1
106,2,4,2019,1,3,1
106,2,4,2019,1,4,0
106,2,4,2019,1,5,0
106,2,4,2019,1,6,0
106,2,4,2019,1,7,1
106,2,4,2019,1,8,0
106,2,4,2019,1,9,1
106,2,4,2019,1,10,0
106,2,4,2019,1,11,1
106,2,4,2019,1,12,0
106,2,4,2019,1,13,0
106,2,4,2019,1,14,1
106,2,4,2019,1,15,0
107,2,4,2019,1,1,0
107,2,4,2019,1,2,1
107,2,4,2019,1,3,1
107,2,4,2019,1,4,0
107,2,4,2019,1,5,1
107,2,4,2019,1,6,0
107,2,4,2019,1,7,1
107,2,4,2019,1,8,1
107,2,4,2019,1,9,0
107,2,4,2019,1,10,1
107,2,4,2019,1,11,1
107,2,4,2019,1,12,1
107,2,4,2019,1,13,0
107,2,4,2019,1,14,0
108,2,4,2019,1,1,0
108,2,4,2019,1,2,1
108,2,4,2019,1,3,0
108,2,4,2019,1,4,0
108,2,4,2019,1,5,1
108,2,4,2019,1,6,1
108,2,4,2019,1,7,1
108,2,4,2019,1,8,0
108,2,4,2019,1,9,1
108,2,4,2019,1,10,1
108,2,4,2019,1,11,1
108,2,4,2019,1,13,0
108,2,4,2019,1,14,1
109,2,4,2019,1,1,0
109,2,4,2019,1,2,1
109,2,4,2019,1,3,1
109,2,4,2019,1,4,0
109,2,4,2019,1,5,1
109,2,4,2019,1,6,1
109,2,4,2019,1,7,1
109,2,4,2019,1,8,1
109,2,4,2019,1,9,1
109,2,4,2019,1,10,1
109,2,4,2019,1,11,1
109,2,4,2019,1,12,1
109,2,4,2019,1,13,0
109,2,4,2019,1,14,0
109,2,4,2019,1,15,0
110,2,4,2019,2,2,1
110,2,4,2019,2,3,1
110,2,4,2019,2,4,0
110,2,4,2019,2,5,0
110,2,4,2019,2,6,1
110,2,4,2019,2,7,1
110,2,4,2019,2,8,1
110,2,4,2019,2,9,0
110,2,4,2019,2,10,1
110,2,4,2019,2,11,1
110,2,4,2019,2,12,0
110,2,4,2019,2,13,0
110,2,4,2019,2,15,0
111,2,4,2019,1,1,0
111,2,4,2019,1,2,1
111,2,4,2019,1,3,1
111,2,4,2019,1,4,0
111,2,4,2019,1,5,1
111,2,4,2019,1,6,1
111,2,4,2019,1,7,1
111,2,4,2019,1,8,1
111,2,4,2019,1,9,0
111,2,4,2019,1,10,0
111,2,4,2019,1,11,1
111,2,4,2019,1,12,0
111,2,4,2019,1,13,0
111,2,4,2019,1,14,1
111,2,4,2019,1,15,0
112,2,4,2019,1,1,0
112,2,4,2019,1,2,1
112,2,4,2019,1,3,1
112,2,4,2019,1,4,0
112,2,4,2019,1,5,1
112,2,4,2019,1,6,0
112,2,4,2019,1,7,1
112,2,4,2019,1,8,1
112,2,4,2019,1,9,1
112,2,4,2019,1,10,0
112,2,4,2019,1,11,1
112,2,4,2019,1,12,0
112,2,4,2019,1,13,0
112,2,4,2019,1,14,1
112,2,4,2019,1,15,0
113,2,4,2019,1,1,0
113,2,4,2019,1,2,1
113,2,4,2019,1,3,1
113,2,4,2019,1,4,0
113,2,4,2019,1,5,1
113,2,4,2019,1,6,1
113,2,4,2019,1,7,1
113,2,4,2019,1,8,1
113,2,4,2019,1,9,0
113,2,4,2019,1,10,0
113,2,4,2019,1,11,1
113,2,4,2019,1,12,1
113,2,4,2019,1,13,0
113,2,4,2019,1,14,1
113,2,4,2019,1,15,0
114,2,4,2019,2,2,0
114,2,4,2019,2,3,1
114,2,4,2019,2,4,0
114,2,4,2019,2,5,1
114,2,4,2019,2,6,0
114,2,4,2019,2,7,1
114,2,4,2019,2,8,1
114,2,4,2019,2,9,0
114,2,4,2019,2,10,0
114,2,4,2019,2,11,1
114,2,4,2019,2,12,0
114,2,4,2019,2,13,0
114,2,4,2019,2,14,0
114,2,4,2019,2,15,0
115,2,4,2019,1,1,0
115,2,4,2019,1,2,1
115,2,4,2019,1,3,1
115,2,4,2019,1,4,0
115,2,4,2019,1,5,1
115,2,4,2019,1,6,0
115,2,4,2019,1,7,0
115,2,4,2019,1,8,1
115,2,4,2019,1,9,1
115,2,4,2019,1,10,0
115,2,4,2019,1,12,1
115,2,4,2019,1,13,0
115,2,4,2019,1,14,1
115,2,4,2019,1,15,0
116,2,4,2019,1,1,0
116,2,4,2019,1,2,1
116,2,4,2019,1,3,1
116,2,4,2019,1,4,0
116,2,4,2019,1,5,0
116,2,4,2019,1,7,1
116,2,4,2019,1,9,0
116,2,4,2019,1,10,1
116,2,4,2019,1,11,1
116,2,4,2019,1,12,0
116,2,4,2019,1,13,0
116,2,4,2019,1,14,0
116,2,4,2019,1,15,0
117,2,4,2019,1,1,0
117,2,4,2019,1,2,1
117,2,4,2019,1,4,0
117,2,4,2019,1,5,1
117,2,4,2019,1,6,1
117,2,4,2019,1,7,0
117,2,4,2019,1,8,1
117,2,4,2019,1,9,1
117,2,4,2019,1,10,1
117,2,4,2019,1,11,1
117,2,4,2019,1,12,1
117,2,4,2019,1,13,0
117,2,4,2019,1,15,0
118,2,3,2019,1,1,0
118,2,3,2019,1,2,1
118,2,3,2019,1,3,1
118,2,3,2019,1,4,0
118,2,3,2019,1,5,0
118,2,3,2019,1,6,0
118,2,3,2019,1,7,1
118,2,3,2019,1,8,0
118,2,3,2019,1,9,1
118,2,3,2019,1,10,0
118,2,3,2019,1,11,1
118,2,3,2019,1,12,0
118,2,3,2019,1,13,0
118,2,3,2019,1,14,0
118,2,3,2019,1,15,0
119,2,3,2019,5,2,1
119,2,3,2019,5,3,1
119,2,3,2019,5,4,0
119,2,3,2019,5,5,0
119,2,3,2019,5,6,0
119,2,3,2019,5,7,1
119,2,3,2019,5,8,1
119,2,3,2019,5,9,1
119,2,3,2019,5,10,0
119,2,3,2019,5,11,1
119,2,3,2019,5,12,1
119,2,3,2019,5,13,0
119,2,3,2019,5,14,0
119,2,3,2019,5,15,0
120,2,3,2019,2,2,1
120,2,3,2019,2,3,1
120,2,3,2019,2,4,1
120,2,3,2019,2,5,1
120,2,3,2019,2,6,1
120,2,3,2019,2,7,1
120,2,3,2019,2,8,1
120,2,3,2019,2,9,0
120,2,3,2019,2,10,1
120,2,3,2019,2,11,1
120,2,3,2019,2,12,1
120,2,3,2019,2,13,0
120,2,3,2019,2,14,0
120,2,3,2019,2,15,0
121,2,3,2019,2,2,1
121,2,3,2019,2,3,1
121,2,3,2019,2,4,1
121,2,3,2019,2,5,1
121,2,3,2019,2,6,0
121,2,3,2019,2,7,1
121,2,3,2019,2,8,1
121,2,3,2019,2,10,1
121,2,3,2019,2,11,1
121,2,3,2019,2,12,1
121,2,3,2019,2,13,0
121,2,3,2019,2,14,1
121,2,3,2019,2,15,0
122,1,2,2019,1,4,0
122,1,2,2019,1,5,1
122,1,2,2019,1,6,1
122,1,2,2019,1,7,0
122,1,2,2019,1,9,0
122,1,2,2019,1,10,0
122,1,2,2019,1,11,1
122,1,2,2019,1,12,1
122,1,2,2019,1,13,0
122,1,2,2019,1,14,0
122,1,2,2019,1,15,0
123,1,2,2019,1,1,0
123,1,2,2019,1,2,0
123,1,2,2019,1,3,1
123,1,2,2019,1,5,0
123,1,2,2019,1,6,0
123,1,2,2019,1,7,0
123,1,2,2019,1,8,0
123,1,2,2019,1,9,0
123,1,2,2019,1,10,0
123,1,2,2019,1,11,0
123,1,2,2019,1,13,0
123,1,2,2019,1,14,0
123,1,2,2019,1,15,0
124,1,2,2019,1,1,0
124,1,2,2019,1,2,1
124,1,2,2019,1,4,0
124,1,2,2019,1,5,0
124,1,2,2019,1,6,0
124,1,2,2019,1,7,0
124,1,2,2019,1,8,0
124,1,2,2019,1,10,0
124,1,2,2019,1,11,0
124,1,2,2019,1,12,0
124,1,2,2019,1,13,0
124,1,2,2019,1,14,0
124,1,2,2019,1,15,0
125,1,2,2019,1,1,0
125,1,2,2019,1,2,0
125,1,2,2019,1,3,0
125,1,2,2019,1,4,0
125,1,2,2019,1,5,0
125,1,2,2019,1,6,1
125,1,2,2019,1,7,0
125,1,2,2019,1,8,0
125,1,2,2019,1,11,0
125,1,2,2019,1,12,0
125,1,2,2019,1,13,0
125,1,2,2019,1,14,0
125,1,2,2019,1,15,0
126,1,2,2019,1,2,1
126,1,2,2019,1,3,0
126,1,2,2019,1,4,0
126,1,2,2019,1,6,1
126,1,2,2019,1,7,0
126,1,2,2019,1,8,1
126,1,2,2019,1,9,0
126,1,2,2019,1,10,0
126,1,2,2019,1,11,0
126,1,2,2019,1,12,0
126,1,2,2019,1,13,1
126,1,2,2019,1,14,0
126,1,2,2019,1,15,0
127,1,4,2019,1,1,1
127,1,4,2019,1,2,1
127,1,4,2019,1,3,0
127,1,4,2019,1,4,0
127,1,4,2019,1,5,0
127,1,4,2019,1,6,0
127,1,4,2019,1,7,0
127,1,4,2019,1,8,0
127,1,4,2019,1,10,0
127,1,4,2019,1,11,1
127,1,4,2019,1,12,0
127,1,4,2019,1,13,0
127,1,4,2019,1,14,0
127,1,4,2019,1,15,0
128,1,4,2019,1,1,0
128,1,4,2019,1,2,0
128,1,4,2019,1,4,0
128,1,4,2019,1,5,0
128,1,4,2019,1,6,1
128,1,4,2019,1,7,0
128,1,4,2019,1,8,0
128,1,4,2019,1,9,1
128,1,4,2019,1,10,0
128,1,4,2019,1,11,0
128,1,4,2019,1,12,0
128,1,4,2019,1,13,0
128,1,4,2019,1,14,0
128,1,4,2019,1,15,0
129,1,4,2019,1,1,0
129,1,4,2019,1,2,0
129,1,4,2019,1,3,1
129,1,4,2019,1,4,0
129,1,4,2019,1,5,0
129,1,4,2019,1,6,1
129,1,4,2019,1,7,0
129,1,4,2019,1,8,1
129,1,4,2019,1,9,1
129,1,4,2019,1,10,1
129,1,4,2019,1,11,0
129,1,4,2019,1,12,0
129,1,4,2019,1,13,0
129,1,4,2019,1,14,0
129,1,4,2019,1,15,0
130,1,4,2019,1,1,0
130,1,4,2019,1,2,0
130,1,4,2019,1,3,0
130,1,4,2019,1,4,0
130,1,4,2019,1,5,1
130,1,4,2019,1,6,1
130,1,4,2019,1,7,0
130,1,4,2019,1,8,1
130,1,4,2019,1,9,1
130,1,4,2019,1,10,1
130,1,4,2019,1,11,1
130,1,4,2019,1,12,1
130,1,4,2019,1,13,1
130,1,4,2019,1,14,0
130,1,4,2019,1,15,0
131,1,4,2019,1,2,0
131,1,4,2019,1,3,0
131,1,4,2019,1,4,0
131,1,4,2019,1,5,0
131,1,4,2019,1,6,0
131,1,4,2019,1,7,1
131,1,4,2019,1,8,0
131,1,4,2019,1,9,0
131,1,4,2019,1,10,0
131,1,4,2019,1,11,0
131,1,4,2019,1,12,0
131,1,4,2019,1,13,0
131,1,4,2019,1,14,0
131,1,4,2019,1,15,0
132,1,4,2019,1,1,1
132,1,4,2019,1,2,1
132,1,4,2019,1,3,0
132,1,4,2019,1,4,0
132,1,4,2019,1,5,0
132,1,4,2019,1,6,0
132,1,4,2019,1,7,0
132,1,4,2019,1,8,0
132,1,4,2019,1,9,0
132,1,4,2019,1,10,0
132,1,4,2019,1,11,1
132,1,4,2019,1,12,1
132,1,4,2019,1,13,0
132,1,4,2019,1,14,0
132,1,4,2019,1,15,0
133,1,3,2019,1,1,0
133,1,3,2019,1,2,0
133,1,3,2019,1,4,0
133,1,3,2019,1,5,0
133,1,3,2019,1,6,0
133,1,3,2019,1,8,1
133,1,3,2019,1,9,0
133,1,3,2019,1,10,0
133,1,3,2019,1,11,0
133,1,3,2019,1,12,0
133,1,3,2019,1,13,0
133,1,3,2019,1,14,0
133,1,3,2019,1,15,0
134,1,3,2019,1,1,0
134,1,3,2019,1,2,0
134,1,3,2019,1,3,1
134,1,3,2019,1,4,0
134,1,3,2019,1,5,0
134,1,3,2019,1,6,0
134,1,3,2019,1,7,0
134,1,3,2019,1,8,1
134,1,3,2019,1,10,0
134,1,3,2019,1,11,0
134,1,3,2019,1,12,1
134,1,3,2019,1,13,0
134,1,3,2019,1,14,0
134,1,3,2019,1,15,0
135,1,3,2019,1,2,0
135,1,3,2019,1,3,0
135,1,3,2019,1,5,0
135,1,3,2019,1,6,0
135,1,3,2019,1,7,0
135,1,3,2019,1,8,0
135,1,3,2019,1,9,0
135,1,3,2019,1,10,0
135,1,3,2019,1,11,0
135,1,3,2019,1,12,0
135,1,3,2019,1,13,0
135,1,3,2019,1,14,0
135,1,3,2019,1,15,0
136,1,3,2019,1,2,0
136,1,3,2019,1,3,0
136,1,3,2019,1,4,0
136,1,3,2019,1,5,0
136,1,3,2019,1,6,1
136,1,3,2019,1,7,0
136,1,3,2019,1,8,0
136,1,3,2019,1,9,0
136,1,3,2019,1,10,0
136,1,3,2019,1,11,1
136,1,3,2019,1,12,0
136,1,3,2019,1,13,0
136,1,3,2019,1,14,0
136,1,3,2019,1,15,0
137,1,1,2019,1,1,1
137,1,1,2019,1,2,0
137,1,1,2019,1,3,0
137,1,1,2019,1,4,0
137,1,1,2019,1,5,0
137,1,1,2019,1,6,1
137,1,1,2019,1,7,0
137,1,1,2019,1,8,0
137,1,1,2019,1,9,0
137,1,1,2019,1,10,0
137,1,1,2019,1,11,0
137,1,1,2019,1,12,0
137,1,1,2019,1,13,0
137,1,1,2019,1,14,0
137,1,1,2019,1,15,0
138,1,1,2019,1,1,0
138,1,1,2019,1,2,0
138,1,1,2019,1,3,0
138,1,1,2019,1,4,0
138,1,1,2019,1,5,0
138,1,1,2019,1,6,1
138,1,1,2019,1,7,1
138,1,1,2019,1,8,1
138,1,1,2019,1,9,0
138,1,1,2019,1,10,0
138,1,1,2019,1,11,0
138,1,1,2019,1,12,0
138,1,1,2019,1,13,0
138,1,1,2019,1,14,0
138,1,1,2019,1,15,0
139,2,1,2019,2,1,0
139,2,1,2019,2,2,1
139,2,1,2019,2,3,1
139,2,1,2019,2,4,0
139,2,1,2019,2,5,0
139,2,1,2019,2,6,1
139,2,1,2019,2,7,1
139,2,1,2019,2,8,1
139,2,1,2019,2,9,1
139,2,1,2019,2,10,0
139,2,1,2019,2,11,0
139,2,1,2019,2,12,0
139,2,1,2019,2,13,1
139,2,1,2019,2,14,0
139,2,1,2019,2,15,1
140,2,1,2019,5,1,0
140,2,1,2019,5,2,1
140,2,1,2019,5,3,1
140,2,1,2019,5,4,0
140,2,1,2019,5,5,0
140,2,1,2019,5,6,1
140,2,1,2019,5,7,0
140,2,1,2019,5,8,1
140,2,1,2019,5,9,0
140,2,1,2019,5,10,0
140,2,1,2019,5,11,1
140,2,1,2019,5,12,0
140,2,1,2019,5,13,0
140,2,1,2019,5,14,1
140,2,1,2019,5,15,0
141,2,1,2019,5,1,0
141,2,1,2019,5,2,1
141,2,1,2019,5,3,0
141,2,1,2019,5,4,1
141,2,1,2019,5,5,1
141,2,1,2019,5,6,1
141,2,1,2019,5,7,0
141,2,1,2019,5,8,1
141,2,1,2019,5,9,0
141,2,1,2019,5,10,1
141,2,1,2019,5,11,1
141,2,1,2019,5,12,1
141,2,1,2019,5,13,1
141,2,1,2019,5,15,0
142,1,2,2019,1,1,0
142,1,2,2019,1,2,0
142,1,2,2019,1,3,1
142,1,2,2019,1,4,0
142,1,2,2019,1,5,0
142,1,2,2019,1,6,0
142,1,2,2019,1,7,0
142,1,2,2019,1,8,1
142,1,2,2019,1,9,1
142,1,2,2019,1,10,0
142,1,2,2019,1,11,1
142,1,2,2019,1,12,0
142,1,2,2019,1,13,0
142,1,2,2019,1,14,0
142,1,2,2019,1,15,0
143,2,1,2019,4,1,0
143,2,1,2019,4,2,1
143,2,1,2019,4,3,1
143,2,1,2019,4,4,0
143,2,1,2019,4,5,1
143,2,1,2019,4,6,0
143,2,1,2019,4,7,1
143,2,1,2019,4,8,1
143,2,1,2019,4,9,0
143,2,1,2019,4,10,1
143,2,1,2019,4,11,1
143,2,1,2019,4,12,0
143,2,1,2019,4,13,0
143,2,1,2019,4,14,0
143,2,1,2019,4,15,0
144,2,1,2019,1,1,0
144,2,1,2019,1,2,1
144,2,1,2019,1,3,1
144,2,1,2019,1,4,1
144,2,1,2019,1,5,1
144,2,1,2019,1,6,0
144,2,1,2019,1,7,1
144,2,1,2019,1,8,1
144,2,1,2019,1,9,0
144,2,1,2019,1,10,1
144,2,1,2019,1,11,1
144,2,1,2019,1,12,1
144,2,1,2019,1,13,0
144,2,1,2019,1,15,0
